,PLAYER,POS,BODY FAT %,HAND LENGTH (INCHES),HAND WIDTH (INCHES),HEIGHT W/O SHOES,HEIGHT W/ SHOES,STANDING REACH,WEIGHT (LBS),WINGSPAN,Rk,Unnamed: 2,Pos,Age,Tm,G,GS,MP,FG,FGA,FG%,3P,3PA,3P%,2P,2PA,2P%,eFG%,FT,FTA,FT%,ORB,DRB,TRB,AST,STL,BLK,TOV,PF,PTS
0,Aaron Gordon,PF,5.05%,8.75,10.5,6' 7.5'',6' 8.75'',8' 9'',220.1,6' 11.75'',173,gordoaa01,PF,24,ORL,58,58,1914,314,726,0.433,68,226,0.301,246,500,0.49200000000000005,0.479,137,203,0.675,103,338,441,215,50,36,94,116,833
1,Aaron Holiday,PG,6.40%,8.75,8.5,5' 11.75'',6' 0.75'',8' 1'',187,6' 7.5'',216,holidaa01,PG,23,IND,58,26,1368,202,496,0.40700000000000003,80,203,0.39399999999999996,122,293,0.41600000000000004,0.488,62,72,0.861,21,111,132,193,45,13,75,102,546
2,Admiral Schofield,SF,6.80%,8.75,9,6' 4'',6' 5.25'',8' 6.5'',240.6,6' 9.75'',429,schofad01,SF,22,WAS,27,2,293,30,75,0.4,14,47,0.298,16,28,0.5710000000000001,0.493,9,13,0.6920000000000001,6,28,34,14,8,3,7,41,83
3,Al Horford,PF,9.10%,-,-,6' 8'',6' 9.75'',8' 11'',246,7' 0.75'',222,horfoal01,C,33,PHI,60,57,1848,289,654,0.442,89,264,0.337,200,390,0.513,0.51,55,73,0.753,92,320,412,244,52,55,65,128,722
4,Alec Burks,SG,5.10%,9,8.25,6' 5'',6' 6'',8' 7.5'',192.6,6' 10'',77,burksal01,SG,28,TOT,59,18,1612,283,701,0.40399999999999997,100,273,0.366,183,428,0.428,0.475,225,251,0.8959999999999999,43,219,262,171,58,17,85,120,891
5,Alex Len,C,6.40%,9,10.75,,,,-,7' 3.5'',287,lenal01,C,26,TOT,49,9,895,168,302,0.556,14,56,0.25,154,246,0.626,0.579,58,91,0.637,95,199,294,47,22,46,50,114,408
6,Al-Farouq Aminu,SF,8.20%,9.5,9.5,6' 7.25'',6' 8.5'',9' 0.5'',216,7' 3.25'',8,aminual01,PF,29,ORL,18,2,380,25,86,0.29100000000000004,9,36,0.25,16,50,0.32,0.34299999999999997,19,29,0.655,24,63,87,21,18,8,17,27,78
7,Alize Johnson,PF,8.10%,8.5,9.75,6' 7.25'',6' 8'',8' 7'',216.6,6' 8.75'',248,johnsal02,SF,23,IND,13,0,54,7,15,0.467,0,0,,7,15,0.467,0.467,4,6,0.667,7,11,18,2,0,0,3,6,18
8,Allen Crabbe,SG,4.65%,8.25,8.5,6' 5.25'',6' 6.25'',8' 7.5'',197.4,6' 11.25'',111,crabbal01,SG,27,TOT,37,1,653,63,177,0.35600000000000004,36,119,0.303,27,58,0.466,0.45799999999999996,10,14,0.7140000000000001,11,66,77,33,15,4,17,47,172
9,Allonzo Trier,SG,4.95%,8.25,10.5,6' 3.75'',6' 5.25'',8' 2'',198,6' 6.75'',464,trieral01,PG,24,NYK,24,1,291,51,106,0.48100000000000004,19,53,0.358,32,53,0.604,0.5710000000000001,34,43,0.7909999999999999,6,23,29,28,3,4,22,29,155
10,Andre Drummond,C,7.50%,9.5,9.5,6' 9.75'',6' 11.75'',9' 1.5'',278.6,7' 6.25'',135,drumman01,C,26,TOT,57,56,1879,418,784,0.5329999999999999,5,35,0.14300000000000002,413,749,0.551,0.536,169,294,0.575,250,614,864,152,109,93,203,201,1010
11,Andre Iguodala,SG-SF,6.70%,-,-,6' 5.75'',6' 6.75'',8' 9.5'',217,6' 11'',231,iguodan01,SG,36,MIA,14,0,259,25,51,0.49,9,24,0.375,16,27,0.593,0.578,2,8,0.25,10,43,53,28,8,16,17,28,61
12,Anfernee Simons,SG-PG,7.70%,8.75,9,6' 2.25'',6' 3.25'',8' 3.5'',183.2,6' 9.25'',440,simonan01,SG,20,POR,65,4,1400,211,525,0.402,74,219,0.33799999999999997,137,306,0.44799999999999995,0.47200000000000003,76,92,0.826,25,122,147,95,26,10,61,131,572
13,Anthony Davis,PF-C,7.90%,9,8.5,6' 9.25'',6' 10.5'',9' 0'',221.8,7' 5.5'',118,davisan02,PF,26,LAL,55,55,1889,508,994,0.511,65,194,0.335,443,800,0.5539999999999999,0.544,386,457,0.845,124,393,517,172,82,134,135,138,1467
14,Anthony Tolliver,PF,5.70%,-,-,6' 7'',6' 8.5'',8' 11.5'',242,7' 2.5'',460,tollian01,PF,34,TOT,47,9,732,54,155,0.348,39,121,0.322,15,34,0.441,0.474,18,25,0.72,30,103,133,33,15,11,30,64,165
15,Austin Rivers,SG-PG,6.20%,8.5,10,6' 3.5'',6' 5'',8' 0.5'',202.8,6' 7.25'',411,riverau01,SG,27,HOU,60,4,1402,182,432,0.42100000000000004,83,232,0.358,99,200,0.495,0.517,60,90,0.667,25,117,142,96,42,10,35,112,507
16,Avery Bradley,SG-PG,4.00%,8.25,9.5,6' 2'',6' 3.25'',8' 2.5'',180.4,6' 7.25'',57,bradlav01,SG,29,LAL,49,44,1186,170,383,0.444,63,173,0.364,107,210,0.51,0.526,20,24,0.833,18,97,115,63,43,5,47,110,423
17,Ben McLemore,SG,5.00%,8.75,9.5,6' 3.5'',6' 4.75'',8' 4.5'',189.2,6' 7.75'',324,mclembe01,SG,26,HOU,63,19,1437,209,470,0.445,154,390,0.395,55,80,0.688,0.609,47,62,0.758,20,119,139,54,38,12,46,130,619
18,Blake Griffin,PF,8.20%,-,-,6' 8.5'',6' 10'',8' 9'',248.4,6' 11.25'',184,griffbl01,PF,30,DET,18,18,512,88,250,0.35200000000000004,27,111,0.243,61,139,0.439,0.406,76,98,0.7759999999999999,17,67,84,59,7,7,40,27,279
19,Bobby Portis,PF,8.90%,9.5,9.25,6' 9.5'',6' 10.5'',9' 0.5'',246.2,7' 2'',400,portibo01,C,24,NYK,66,5,1393,265,589,0.45,67,187,0.358,198,402,0.493,0.507,71,93,0.763,80,258,338,98,32,18,73,110,668
20,Bradley Beal,SG,6.00%,8.5,9,6' 3.25'',6' 4.75'',8' 4'',201.8,6' 8'',34,bealbr01,SG,26,WAS,57,57,2053,593,1303,0.455,170,481,0.353,423,822,0.515,0.52,385,457,0.8420000000000001,52,190,242,347,71,23,194,126,1741
21,Brandon Clarke,SF,4.90%,8.25,9.5,6' 7.25'',6' 8.25'',8' 6'',207.2,6' 8.25'',98,clarkbr01,PF,23,MEM,50,3,1086,254,408,0.623,21,52,0.40399999999999997,233,356,0.654,0.648,73,93,0.785,78,214,292,72,26,42,46,82,602
22,Brandon Knight,PG,4.20%,8.25,9.5,6' 1.5'',6' 3.25'',8' 2.5'',176.8,6' 6.75'',269,knighbr03,PG,28,TOT,25,3,462,59,167,0.353,45,131,0.344,14,36,0.389,0.488,20,34,0.588,4,37,41,69,10,3,38,40,183
23,Brian Bowen,SG-SF,7.60%,9,10,6' 6.25'',6' 7.5'',8' 7.5'',202,6' 10.25'',55,bowenbr02,SG,21,IND,5,1,29,2,9,0.222,0,2,0.0,2,7,0.28600000000000003,0.222,0,0,,1,6,7,0,0,1,1,2,4
24,Brook Lopez,C,6.30%,-,-,6' 11.25'',7' 0.5'',9' 5'',258,7' 5.5'',294,lopezbr01,C,31,MIL,61,60,1622,244,571,0.42700000000000005,84,284,0.29600000000000004,160,287,0.557,0.501,98,121,0.81,42,230,272,95,43,149,63,147,670
25,Bruce Brown,SG-PG,3.75%,8.5,8.5,6' 3.5'',6' 5'',8' 2.5'',194.6,6' 9'',67,brownbr01,SG,23,DET,58,43,1634,198,447,0.44299999999999995,33,96,0.344,165,351,0.47,0.48,88,119,0.7390000000000001,61,213,274,230,63,29,100,162,517
26,Bruno Fernando,C,5.40%,9.25,10,6' 8.75'',6' 10.25'',9' 2'',237,7' 3.25'',150,fernabr01,C,21,ATL,56,13,713,103,199,0.518,5,37,0.135,98,162,0.605,0.53,29,51,0.569,67,131,198,49,18,17,42,107,240
27,Buddy Hield,SG,6.10%,8.5,9,6' 3.75'',6' 5'',8' 5'',212.4,6' 9.25'',212,hieldbu01,SG,27,SAC,64,44,2045,456,1062,0.429,244,618,0.395,212,444,0.47700000000000004,0.544,112,131,0.855,57,249,306,197,60,17,150,150,1268
28,Caleb Martin,SF-SG,7.00%,8.5,8.75,6' 4.75'',6' 6'',8' 5.5'',195.8,6' 10'',308,martica02,SF,24,CHO,18,1,317,37,84,0.44,20,37,0.541,17,47,0.36200000000000004,0.56,17,21,0.81,10,28,38,23,12,7,15,32,111
29,Caleb Swanigan,PF,-%,9.5,10.25,6' 7.5'',6' 8.5'',9' 0'',245.6,7' 3'',450,swanica01,PF,22,TOT,27,1,288,28,47,0.596,0,2,0.0,28,45,0.622,0.596,9,17,0.529,27,73,100,31,3,7,37,62,65
30,Cameron Johnson,SG,5.80%,8,8.5,6' 7'',6' 8.5'',8' 7'',205.2,6' 10'',250,johnsca02,PF,23,PHO,49,1,996,136,325,0.418,91,229,0.397,45,96,0.469,0.5579999999999999,35,46,0.7609999999999999,39,101,140,52,30,16,29,72,398
31,Caris LeVert,SG,7.55%,8.5,9.25,6' 5.75'',6' 7'',8' 5'',191,6' 10'',290,leverca01,SG,25,BRK,39,25,1131,252,609,0.414,72,189,0.381,180,420,0.429,0.473,116,161,0.72,40,119,159,159,44,7,98,72,692
32,Carmelo Anthony,SF,8.00%,-,-,6' 6.25'',,8' 9.5'',233,7' 0'',15,anthoca01,PF,35,POR,50,50,1623,289,679,0.426,72,194,0.371,217,485,0.447,0.479,113,134,0.843,61,252,313,79,40,23,87,142,763
33,Carsen Edwards,PG,5.50%,8.75,9,5' 10.75'',6' 0.25'',7' 10.5'',199.4,6' 6'',138,edwarca01,SG,21,BOS,35,0,316,37,113,0.327,21,68,0.309,16,45,0.35600000000000004,0.42,11,13,0.846,6,37,43,22,10,3,15,33,106
34,Chandler Parsons,SF,7.00%,8.25,10,6' 8.75'',6' 9.75'',8' 8.5'',221.2,6' 9.5'',382,parsoch01,SF,31,ATL,5,0,54,5,18,0.278,4,14,0.28600000000000003,1,4,0.25,0.389,0,0,,1,6,7,3,4,1,3,3,14
35,Chasson Randle,PG,4.50%,8.5,9.5,6' 0.25'',6' 1.5'',8' 0.5'',178.8,6' 7'',404,randlch01,PG,26,GSW,3,0,40,0,4,0.0,0,2,0.0,0,2,0.0,0.0,5,6,0.833,0,2,2,5,2,0,0,3,5
36,Cheick Diallo,PF,5.60%,8.5,9.75,6' 7.5'',6' 9'',8' 11.5'',218.6,7' 4.5'',124,diallch01,C,23,PHO,44,2,467,89,137,0.65,1,2,0.5,88,135,0.652,0.653,32,37,0.865,28,99,127,22,10,12,30,54,211
37,Chimezie Metu,PF-C,5.05%,9,9.25,6' 8.5'',6' 9.5'',9' 0'',219.6,7' 0.5'',328,metuch01,PF,22,SAS,16,0,73,20,35,0.5710000000000001,0,1,0.0,20,34,0.588,0.5710000000000001,6,8,0.75,10,16,26,6,1,4,5,4,46
38,Chris Boucher,PF,5.40%,9.25,10.5,6' 8'',6' 9.5'',9' 2.5'',182.2,7' 4'',54,bouchch01,PF,27,TOR,55,0,724,119,260,0.45799999999999996,28,99,0.28300000000000003,91,161,0.565,0.512,82,103,0.7959999999999999,94,148,242,23,20,53,23,104,348
39,Chris Paul,PG,-%,-,-,5' 11.75'',6' 1'',7' 9'',178,6' 4.25'',387,paulch01,PG,34,OKC,63,63,2003,394,805,0.489,101,279,0.36200000000000004,293,526,0.557,0.552,225,250,0.9,21,289,310,426,98,9,137,139,1114
40,Christian Wood,PF,14.70%,9.25,10.75,6' 9.25'',6' 10.5'',9' 3.5'',216,7' 3.25'',507,woodch01,PF,24,DET,62,12,1325,288,508,0.5670000000000001,54,140,0.386,234,368,0.636,0.62,180,242,0.7440000000000001,104,286,390,60,34,54,84,98,810
41,CJ McCollum,PG-SG,8.60%,8,9.5,6' 2.25'',6' 3.25'',8' 0.5'',197,6' 6.25'',316,mccolcj01,SG,28,POR,62,62,2229,549,1212,0.45299999999999996,174,458,0.38,375,754,0.49700000000000005,0.525,123,164,0.75,41,213,254,268,46,39,116,159,1395
42,Coby White,PG,4.30%,7.75,9,6' 3.5'',6' 4.75'',8' 1.5'',191.4,6' 5'',493,whiteco01,SG,19,CHI,65,1,1674,312,792,0.39399999999999996,133,376,0.354,179,416,0.43,0.478,102,129,0.7909999999999999,28,202,230,175,49,6,109,117,859
43,Cody Martin,PG-SG,5.00%,8.25,9,6' 4.75'',6' 5.5'',8' 6.5'',192.2,6' 10.25'',309,martico01,SF,24,CHO,48,3,903,89,207,0.43,18,77,0.23399999999999999,71,130,0.546,0.473,42,65,0.6459999999999999,38,120,158,95,39,9,44,78,238
44,Cody Zeller,C-PF,4.75%,8.5,10.5,6' 10.75'',7' 0.25'',8' 10'',230,6' 10.75'',512,zelleco01,C,27,CHO,58,39,1341,251,479,0.524,18,75,0.24,233,404,0.5770000000000001,0.5429999999999999,122,179,0.682,160,251,411,88,40,25,75,140,642
45,Collin Sexton,PG,5.60%,8.25,8.5,6' 0.5'',6' 1.5'',8' 2.5'',183,6' 7.25'',433,sextoco01,SG,21,CLE,65,65,2143,513,1086,0.47200000000000003,97,255,0.38,416,831,0.501,0.517,226,267,0.846,61,143,204,192,65,7,158,142,1349
46,Cory Joseph,PG,9.70%,8.5,10.5,6' 2'',6' 3.25'',8' 3'',186.2,6' 5.5'',260,josepco01,PG,28,SAC,64,22,1538,155,369,0.42,47,134,0.35100000000000003,108,235,0.46,0.484,48,58,0.828,37,126,163,218,46,21,64,121,405
47,D.J. Augustin,PG,8.10%,-,-,5' 10'',5' 11.5'',7' 10.5'',171.5,6' 3.5'',19,augusdj01,PG,32,ORL,49,6,1215,156,397,0.39299999999999996,60,174,0.345,96,223,0.43,0.469,139,157,0.885,18,91,109,223,30,1,69,53,511
48,D.J. Wilson,PF,6.40%,9.25,10.25,6' 8.75'',6' 10.5'',9' 1.5'',234.4,7' 3'',505,wilsodj01,PF,23,MIL,31,0,280,40,101,0.396,14,55,0.255,26,46,0.565,0.465,6,9,0.667,10,58,68,22,2,5,15,26,100
49,Damian Jones,C,6.55%,8.75,10.5,6' 10.25'',6' 11.5'',8' 11'',243.6,7' 3.75'',256,jonesda03,C,24,ATL,55,27,887,121,178,0.68,2,9,0.222,119,169,0.7040000000000001,0.685,62,84,0.738,74,132,206,35,26,40,28,149,306
50,Damian Lillard,PG,5.90%,8.75,9.75,6' 1.75'',6' 2.75'',7' 11.5'',188.8,6' 7.75'',291,lillada01,PG,29,POR,58,58,2140,531,1162,0.457,226,573,0.39399999999999996,305,589,0.518,0.5539999999999999,389,438,0.888,30,220,250,453,59,21,168,98,1677
51,Damyean Dotson,SG-SF,5.30%,8.5,9.25,6' 4.5'',6' 5.5'',8' 4'',205.2,6' 9'',131,dotsoda01,SG,25,NYK,48,0,836,120,290,0.414,59,163,0.36200000000000004,61,127,0.48,0.516,22,33,0.667,10,81,91,57,23,4,21,44,321
52,Daniel Gafford,PF,5.90%,9.25,9.25,6' 9.25'',6' 10.5'',9' 2'',237.6,7' 2.25'',161,gaffoda01,C,21,CHI,43,7,609,94,134,0.701,0,0,,94,134,0.701,0.701,32,60,0.5329999999999999,52,54,106,21,13,56,29,98,220
53,Danny Green,SG-SF,5.60%,-,-,6' 5.25'',6' 6.5'',8' 7'',208,6' 10'',179,greenda02,SG,32,LAL,61,61,1529,178,425,0.419,113,299,0.37799999999999995,65,126,0.516,0.552,32,44,0.727,44,162,206,86,76,29,54,129,501
54,Dante Exum,SG,6.40%,8.5,9.5,6' 4.5'',6' 6'',8' 7'',196.3,6' 9.5'',145,exumda01,SG,24,TOT,35,1,485,56,119,0.47100000000000003,15,43,0.349,41,76,0.539,0.534,32,43,0.7440000000000001,12,55,67,40,13,8,31,38,159
55,DaQuan Jeffries,SF-PF,3.90%,9.5,10.25,6' 4'',6' 5'',8' 8'',215.6,6' 11.25'',246,jeffrda01,SG,22,SAC,6,0,19,3,7,0.429,1,4,0.25,2,3,0.667,0.5,0,0,,1,0,1,1,1,0,0,3,7
56,Darius Bazley,PF,3.60%,9,9.75,6' 7.75'',6' 9'',8' 11'',208.4,7' 0'',33,bazleda01,PF,19,OKC,53,8,909,88,230,0.38299999999999995,30,100,0.3,58,130,0.446,0.44799999999999995,32,47,0.6809999999999999,21,175,196,29,20,35,40,45,238
59,DeAndre Jordan,C,7.50%,-,-,6' 9.75'',6' 11'',9' 5.5'',250,7' 6'',259,jordade01,C,31,BRK,56,6,1234,191,287,0.6659999999999999,0,0,,191,287,0.6659999999999999,0.6659999999999999,83,122,0.68,141,420,561,105,18,52,74,114,465
60,Delon Wright,PG,6.60%,8,8.5,6' 4.25'',6' 5.5'',8' 5.5'',181.4,6' 7.5',508,wrighde01,SG,27,DAL,65,5,1412,179,381,0.47,45,117,0.385,134,264,0.508,0.529,71,90,0.789,66,193,259,220,76,21,68,83,474
61,DeMar DeRozan,SG-SF,4.90%,-,-,6' 5.5'',6' 6.5'',8' 6.5'',211.2,6' 9'',123,derozde01,SF,30,SAS,61,61,2091,503,956,0.526,8,30,0.267,495,926,0.535,0.53,338,401,0.843,39,305,344,340,62,14,147,164,1352
62,DeMarre Carroll,PF-SF,6.30%,-,-,6' 6.25'',6' 7.75'',8' 9'',207.2,6' 10'',84,carrode01,SF,33,TOT,21,0,231,21,54,0.389,7,27,0.259,14,27,0.519,0.45399999999999996,24,36,0.667,11,36,47,18,4,4,16,28,73
63,Denzel Valentine,SG-SF,9.20%,8.5,9.75,6' 4'',6' 5.75'',8' 6'',210.4,6' 10.75'',471,valende01,SF,26,CHI,36,5,488,97,237,0.409,46,137,0.336,51,100,0.51,0.506,6,8,0.75,9,65,74,43,26,6,26,51,246
64,Deonte Burton,PG,7.65%,8.25,8,6' 0'',6' 1.25'',8' 1.5'',192.8,6' 7'',78,burtode02,SG,26,OKC,34,0,284,39,105,0.371,10,46,0.217,29,59,0.49200000000000005,0.419,6,12,0.5,6,42,48,11,5,10,14,28,94
65,Derrick Favors,PF,6.50%,8.75,9.25,6' 8.75'',6' 10.25'',9' 2'',245.2,7' 4'',147,favorde01,C,28,NOP,45,43,1089,189,305,0.62,1,7,0.14300000000000002,188,298,0.631,0.621,36,62,0.581,147,298,445,75,25,44,51,99,415
66,Derrick Rose,PG,4.60%,-,-,6' 1.5'',6' 2.5'',8' 2.5'',196,6' 8'',419,rosede01,PG,31,DET,50,15,1298,369,753,0.49,45,147,0.306,324,606,0.535,0.52,121,139,0.871,27,94,121,278,40,16,126,49,904
67,Derrick White,PG,6.20%,8.25,8.5,6' 3.25'',6' 4.5'',8' 5.5'',189.8,6' 7.5'',494,whitede01,SG,25,SAS,61,13,1468,213,464,0.45899999999999996,57,160,0.35600000000000004,156,304,0.513,0.52,150,175,0.857,30,163,193,206,39,55,75,133,633
68,Devin Booker,SG,8.30%,8.75,9,6' 4.5'',6' 5.75'',8' 6.5'',205.8,6' 8.25'',53,bookede01,SG,23,PHO,62,62,2241,544,1118,0.48700000000000004,126,350,0.36,418,768,0.544,0.5429999999999999,405,442,0.9159999999999999,27,231,258,408,45,16,244,188,1619
69,Devon Hall,SG,8.45%,8.5,10,6' 4.25'',6' 6'',8' 6'',206.4,6' 7.75'',188,hallde01,SG,24,OKC,5,0,20,1,5,0.2,0,2,0.0,1,3,0.33299999999999996,0.2,3,4,0.75,0,1,1,3,0,0,1,1,5
70,Dewan Hernandez,C,6.10%,9.5,10.25,6' 9'',6' 10.25'',8' 11'',232.8,7' 1.75'',206,hernade01,C,23,TOR,4,0,11,1,5,0.2,0,1,0.0,1,4,0.25,0.2,2,2,1.0,2,5,7,0,1,0,1,6,4
71,Dewayne Dedmon,C,8.35%,9,11,6' 10'',6' 11.5'',9' 1'',238.8,7' 4'',121,dedmode01,C,30,TOT,44,18,774,102,255,0.4,22,107,0.20600000000000002,80,148,0.541,0.44299999999999995,30,36,0.833,60,189,249,22,25,41,57,133,256
72,Dillon Brooks,SG-SF,7.50%,8.25,9.25,6' 5'',6' 6'',8' 4.5'',220.2,6' 6'',66,brookdi01,SG,24,MEM,65,65,1851,372,925,0.402,132,358,0.369,240,567,0.423,0.474,144,178,0.809,61,152,213,128,57,25,108,246,1020
73,Dion Waiters,SG,8.50%,8.5,9.5,6' 2.5'',6' 4'',8' 2'',221,6' 7.25'',479,waitedi01,SG,28,MIA,3,0,42,10,26,0.385,8,17,0.47100000000000003,2,9,0.222,0.5379999999999999,0,1,0.0,0,11,11,3,0,2,3,5,28
74,Donovan Mitchell,SG,5.90%,8.5,9.5,6' 1.25'',6' 3'',8' 1'',211.4,6' 10'',336,mitchdo01,SG,23,UTA,63,63,2165,560,1235,0.45299999999999996,156,428,0.364,404,807,0.501,0.517,249,290,0.8590000000000001,44,232,276,264,66,12,167,154,1525
75,Donte DiVincenzo,SG,5.00%,8.25,9,6' 3.5'',6' 4.5'',8' 1.5'',200.6,6' 6'',128,divindo01,SG,23,MIL,59,22,1362,209,452,0.462,76,221,0.344,133,231,0.5760000000000001,0.546,60,78,0.769,59,230,289,136,80,18,72,97,554
76,Dorian Finney-Smith,SF,6.45%,9,9.75,6' 6.5'',6' 7.75'',8' 9.5'',212.6,6' 11.75'',152,finnedo01,PF,26,DAL,64,61,1898,214,457,0.46799999999999997,99,265,0.374,115,192,0.599,0.5770000000000001,70,97,0.722,125,227,352,97,44,37,63,154,597
77,Doug McDermott,SF,7.10%,8.75,9.75,6' 6.25'',6' 7.75'',8' 7'',218,6' 9.25'',319,mcderdo01,PF,28,IND,62,0,1242,241,491,0.491,118,265,0.445,123,226,0.544,0.611,43,52,0.8270000000000001,23,133,156,70,9,4,40,106,643
78,Draymond Green,PF-SF,11.30%,9,9.5,6' 5.75'',6' 7.5'',8' 9'',235.6,7' 1.25'',180,greendr01,PF,29,GSW,43,43,1222,123,316,0.389,36,129,0.27899999999999997,87,187,0.465,0.446,63,83,0.759,23,243,266,266,59,33,98,110,345
79,Dwayne Bacon,SG-SF,7.90%,8.75,10,6' 4.75'',6' 6.25'',8' 7.5'',221.6,6' 10'',21,bacondw01,SG,24,CHO,39,11,687,85,244,0.348,19,67,0.284,66,177,0.373,0.387,35,53,0.66,15,85,100,52,23,2,37,52,224
80,Dwight Howard,PF-C,10.50%,-,-,6' 9'',6' 10.25'',9' 3.5'',240,7' 4.5'',225,howardw01,C,34,LAL,62,2,1193,188,257,0.732,3,5,0.6,185,252,0.7340000000000001,0.737,89,180,0.494,156,301,457,42,27,76,73,200,468
81,Dwight Powell,PF,6.20%,9,9.25,6' 9.5'',6' 11'',8' 9'',234.4,7' 0.5'',402,poweldw01,C,28,DAL,40,37,1061,146,229,0.638,10,39,0.256,136,190,0.716,0.659,74,111,0.667,75,152,227,59,34,22,36,102,376
82,Ed Davis,PF,10.00%,9.25,10,6' 9'',6' 9.75'',9' 0'',226.6,7' 0'',119,davised01,C,30,UTA,25,0,268,14,34,0.41200000000000003,0,0,,14,34,0.41200000000000003,0.41200000000000003,5,11,0.455,29,66,95,8,10,9,13,55,33
83,Edmond Sumner,PG,8.30%,8.25,9,6' 4'',6' 5.75'',8' 6.5'',176.4,6' 9'',449,sumneed01,PG,24,IND,25,2,345,47,111,0.423,10,38,0.263,37,73,0.507,0.46799999999999997,10,15,0.667,10,27,37,39,15,8,19,35,114
84,Elfrid Payton,PG,5.65%,8.75,9,6' 2.5'',6' 3.75'',8' 2.5'',185.4,6' 8'',388,paytoel01,PG,25,NYK,45,36,1246,193,440,0.439,14,69,0.203,179,371,0.48200000000000004,0.455,49,86,0.57,52,160,212,323,70,17,96,89,449
85,Enes Kanter,PF-C,5.90%,9.5,10.75,6' 9.75'',6' 11.25'',9' 1.5'',259.2,7' 1.5'',263,kanteen01,C,27,BOS,51,6,891,176,311,0.5660000000000001,1,7,0.14300000000000002,175,304,0.5760000000000001,0.568,63,89,0.708,141,253,394,49,21,38,52,85,416
86,Eric Bledsoe,PG,5.60%,8.5,9.75,6' 0.25'',6' 1.5'',8' 2'',191.6,6' 7.5'',46,bledser01,PG,30,MIL,56,56,1524,319,662,0.48200000000000004,70,201,0.348,249,461,0.54,0.535,157,193,0.813,41,218,259,302,53,25,140,120,865
87,Eric Gordon,SG,8.20%,-,-,6' 2'',6' 3.25'',8' 3'',222,6' 9'',174,gordoer01,SG,31,HOU,34,13,972,162,438,0.37,92,288,0.319,70,150,0.467,0.475,78,103,0.757,8,57,65,52,22,12,36,68,494
88,Eric Paschall,SF,6.30%,9,9.5,6' 6'',6' 7.25'',8' 7.5'',254.4,6' 11.75'',383,pascher01,PF,23,GSW,60,26,1654,318,640,0.49700000000000005,37,129,0.287,281,511,0.55,0.526,164,212,0.774,82,193,275,127,32,13,94,125,837
89,E'Twaun Moore,SG,7.60%,9,10,6' 2.5'',6' 4'',8' 3.5'',191.4,6' 9.5'',341,mooreet01,SG,30,NOP,51,5,958,174,410,0.424,60,160,0.375,114,250,0.456,0.498,29,43,0.674,29,94,123,73,28,10,38,77,437
90,Evan Turner,SG,8.60%,8.75,9.5,6' 5.75'',6' 7'',8' 7.5'',213.8,6' 8'',467,turneev01,PG,31,ATL,19,0,251,25,67,0.373,0,5,0.0,25,62,0.40299999999999997,0.373,12,14,0.857,8,30,38,38,9,8,26,20,62
91,Frank Jackson,PG,6.70%,8.25,9,6' 2'',6' 3.5'',8' 2'',201.6,6' 7.5'',238,jacksfr01,PG,21,NOP,51,1,656,99,257,0.385,39,120,0.325,60,137,0.43799999999999994,0.461,48,64,0.75,19,52,71,41,15,4,43,67,285
92,Frank Kaminsky,C-PF,9.40%,8.5,9.5,6' 11.75'',7' 0.75'',9' 1.5'',231.2,6' 11'',262,kaminfr01,C,26,PHO,32,13,718,127,279,0.455,39,112,0.348,88,167,0.527,0.525,59,88,0.67,30,128,158,71,13,10,33,69,352
93,Frank Mason III,PG,4.30%,8,9.25,5' 11'',6' 0'',7' 10'',188.8,6' 3.25'',312,masonfr01,PG,25,MIL,6,0,53,5,19,0.263,2,10,0.2,3,9,0.33299999999999996,0.316,2,4,0.5,3,5,8,11,2,0,6,4,14
94,Gary Harris,SG,4.55%,8.5,9.5,6' 2.5'',6' 4.5'',8' 0'',204.8,6' 6.75'',196,harriga01,SG,25,DEN,56,55,1780,218,519,0.42,70,210,0.33299999999999996,148,309,0.479,0.48700000000000004,75,92,0.815,26,137,163,118,76,14,60,116,581
95,Gary Payton II,PG,3.95%,8.75,9.5,6' 2'',6' 3'',8' 3.5'',183.8,6' 8'',389,paytoga02,PG,27,WAS,29,17,432,48,116,0.414,13,46,0.28300000000000003,35,70,0.5,0.47,4,8,0.5,26,54,80,48,33,7,20,54,113
96,George Hill,PG,3.00%,-,-,6' 1.25'',6' 2.5'',8' 1.5'',181,6' 9'',213,hillge01,PG,33,MIL,52,0,1103,178,336,0.53,73,152,0.48,105,184,0.5710000000000001,0.638,69,83,0.831,45,109,154,151,42,4,49,75,498
97,Georges Niang,PF,10.05%,9.25,9.25,6' 6.75'',6' 8.5'',8' 7'',230.8,6' 10'',360,niangge01,PF,26,UTA,58,0,772,120,265,0.45299999999999996,77,185,0.41600000000000004,43,80,0.5379999999999999,0.598,19,22,0.8640000000000001,12,97,109,35,13,5,26,63,336
98,Glenn Robinson III,SF,5.05%,9,9.5,6' 5.5'',6' 6.75'',8' 4.5'',211.4,6' 10'',413,robingl02,SF,26,TOT,60,52,1743,281,578,0.486,74,191,0.387,207,387,0.535,0.55,72,83,0.867,78,182,260,96,53,16,53,97,708
99,Gordon Hayward,SF,6.90%,8.5,9.25,6' 6.75'',6' 8'',8' 7'',211,6' 7.75'',204,haywago01,SF,29,BOS,45,45,1501,305,607,0.502,74,189,0.392,231,418,0.5529999999999999,0.563,94,111,0.847,45,249,294,185,35,20,79,81,778
100,Gorgui Dieng,C,5.35%,9,10,6' 9.75'',6' 10.75'',9' 3.5'',229.6,7' 3.5'',126,dienggo01,C,30,TOT,58,17,1012,158,343,0.461,51,142,0.359,107,201,0.532,0.535,61,83,0.735,87,249,336,71,48,56,55,112,428
101,Grant Williams,PF,5.40%,9,10.5,6' 5.75'',6' 7.5'',8' 8.5'',240.2,6' 9.75'',497,willigr01,PF,21,BOS,62,5,970,80,192,0.41700000000000004,21,85,0.247,59,107,0.551,0.47100000000000003,37,51,0.725,58,107,165,62,28,33,46,149,218
102,Grayson Allen,SG,5.55%,8.25,10,6' 3'',6' 4.5'',8' 1'',198,6' 7.25'',5,allengr01,SG,24,MEM,30,0,498,79,176,0.449,33,91,0.363,46,85,0.541,0.5429999999999999,30,35,0.857,5,61,66,43,6,1,23,36,221
103,Hamidou Diallo,SG,4.45%,8.75,9,6' 4.25'',6' 6'',8' 7'',197,6' 11.5'',125,diallha01,SF,21,OKC,38,3,699,99,219,0.452,7,35,0.2,92,184,0.5,0.46799999999999997,28,45,0.622,29,93,122,22,28,8,37,82,233
104,Harrison Barnes,SF-SG,9.60%,9,8.5,6' 7'',6' 8'',8' 5.5'',227.8,6' 11.25'',26,barneha02,PF,27,SAC,64,64,2231,326,711,0.45899999999999996,93,243,0.38299999999999995,233,468,0.498,0.524,196,244,0.8029999999999999,61,245,306,152,38,10,80,82,941
105,Harry Giles,PF,5.20%,9.5,10.75,6' 9.25'',6' 10.5'',9' 1.5'',232,7' 3.25'',169,gilesha01,PF,21,SAC,38,17,579,116,207,0.56,0,0,,116,207,0.56,0.56,33,43,0.767,33,126,159,49,21,14,35,100,265
106,Hassan Whiteside,C-PF,5.50%,8.25,10.25,6' 10.5'',6' 11.5'',9' 5'',226.6,7' 7'',495,whiteha01,C,30,POR,61,61,1911,418,676,0.618,4,7,0.5710000000000001,414,669,0.619,0.621,153,225,0.68,244,625,869,74,24,187,117,179,993
107,Henry Ellenson,PF,11.20%,8.5,9.75,6' 10'',6' 11.5'',9' 0'',242,7' 2.25'',139,ellenhe01,PF,23,BRK,5,0,15,1,7,0.14300000000000002,0,4,0.0,1,3,0.33299999999999996,0.14300000000000002,0,0,,2,4,6,1,0,0,0,1,2
108,Ignas Brazdeikis,SF,6.00%,8.75,9.5,6' 5.75'',6' 7.25'',8' 6'',220.8,6' 9.25'',60,brazdig01,SF,21,NYK,9,0,53,6,22,0.273,1,9,0.111,5,13,0.385,0.295,4,5,0.8,2,3,5,4,0,1,2,3,17
109,Iman Shumpert,PG-SG,6.50%,9,9,6' 4.25'',6' 5.5'',8' 3.5'',221.8,6' 9.5'',436,shumpim01,SG,29,BRK,13,0,241,21,64,0.32799999999999996,8,33,0.242,13,31,0.419,0.391,4,7,0.5710000000000001,9,25,34,12,12,2,10,21,54
110,Isaiah Roby,PF,3.90%,9,10.5,6' 7.25'',6' 8.5'',8' 10'',214,7' 1'',417,robyis01,SF,21,OKC,3,0,11,0,1,0.0,0,0,,0,1,0.0,0.0,0,0,,0,2,2,0,0,0,1,1,0
111,Isaiah Thomas,PG,6.70%,8.25,9,5' 8.75'',5' 10.25'',7' 7.5'',186,6' 1.75'',455,thomais02,PG,30,WAS,40,37,925,174,426,0.408,78,189,0.413,96,237,0.405,0.5,62,76,0.816,11,57,68,146,13,6,77,77,488
113,Jacob Evans,SG-SF,6.50%,9,9.25,6' 4.25'',6' 5.5'',8' 6.5'',199.6,6' 9.25'',144,evansja02,SG,22,TOT,29,1,418,45,134,0.336,13,39,0.33299999999999996,32,95,0.337,0.384,25,29,0.862,9,32,41,31,11,12,25,41,128
114,Jae Crowder,SF,9.00%,9.5,10.5,6' 4.75'',6' 6.5'',8' 3.5'',241.2,6' 9.25'',113,crowdja01,SF,29,TOT,58,46,1695,197,513,0.384,113,355,0.318,84,158,0.532,0.494,95,121,0.785,48,305,353,151,67,21,62,126,602
115,Jake Layman,SF,7.10%,8.25,9.25,6' 8'',6' 9.25'',8' 6'',208.6,6' 9.25'',282,laymaja01,PF,25,MIN,23,2,505,81,179,0.45299999999999996,24,72,0.33299999999999996,57,107,0.5329999999999999,0.52,24,32,0.75,17,40,57,15,17,10,24,47,210
116,Jakob Poeltl,C,5.80%,9.25,10.25,7' 0.25'',7' 1'',9' 3.5'',239,7' 2.75'',393,poeltja01,C,24,SAS,58,10,965,135,218,0.619,0,0,,135,218,0.619,0.619,36,74,0.486,104,206,310,102,30,84,45,96,306
117,Jalen Brunson,PG,6.70%,8.25,9.25,6' 1'',6' 2.25'',8' 0'',198.4,6' 4'',73,brunsja01,PG,23,DAL,57,16,1022,181,388,0.466,43,120,0.358,138,268,0.515,0.522,61,75,0.813,22,112,134,188,22,4,66,74,466
118,Jalen Lecque,PG,4.00%,8.75,8.5,6' 2.5'',6' 4.25'',8' 2.5'',185.2,6' 8.5'',284,lecquja01,PG,19,PHO,4,0,26,4,10,0.4,0,4,0.0,4,6,0.667,0.4,2,2,1.0,0,0,0,2,0,0,1,2,10
119,Jalen McDaniels,SF,5.70%,9,10,6' 8.25'',6' 9.75'',8' 9.5'',191.6,7' 0.25'',318,mcdanja01,PF,22,CHO,16,0,293,33,70,0.47100000000000003,9,24,0.375,24,46,0.522,0.536,14,17,0.8240000000000001,15,50,65,13,8,3,11,36,89
120,James Ennis,SF,4.50%,8.5,8.75,6' 5.75'',6' 7'',8' 8.5'',200.8,6' 11.5'',142,ennisja01,SF,29,TOT,61,10,1053,128,294,0.435,47,139,0.33799999999999997,81,155,0.523,0.515,63,78,0.8079999999999999,61,138,199,54,29,20,43,109,366
121,James Harden,SG,10.10%,-,-,6' 4'',6' 5.25'',8' 7.5'',222,6' 10.75'',192,hardeja01,SG,30,HOU,61,61,2241,603,1386,0.435,271,769,0.35200000000000004,332,617,0.5379999999999999,0.5329999999999999,619,719,0.861,64,324,388,450,106,53,273,206,2096
122,James Johnson,SF-PF,12.00%,-,-,6' 7'',6' 7.75'',8' 9.5'',257.2,7' 0.75'',251,johnsja01,PF,32,TOT,32,1,619,103,215,0.479,33,91,0.363,70,124,0.565,0.556,31,48,0.6459999999999999,25,93,118,74,25,32,48,80,270
123,JaMychal Green,PF,9.80%,9.25,9.25,6' 8'',6' 9'',8' 10.5'',217.4,7' 2.25'',181,greenja01,PF,29,LAC,55,0,1130,125,302,0.414,74,204,0.363,51,98,0.52,0.536,32,44,0.727,75,273,348,43,25,20,45,146,356
124,Jared Dudley,SF,7.10%,-,-,6' 5'',6' 7.25'',8' 6'',219,6' 7'',136,dudleja01,SF,34,LAL,40,1,311,20,50,0.4,16,34,0.47100000000000003,4,16,0.25,0.56,2,2,1.0,5,38,43,19,12,3,6,36,58
125,Jared Harper,PG,3.90%,8.25,9.5,5' 9.75'',5' 11'',7' 10'',169.2,6' 5.5'',194,harpeja01,PG,22,PHO,3,0,8,1,4,0.25,0,2,0.0,1,2,0.5,0.25,0,0,,0,0,0,0,0,0,0,0,2
126,Jarrett Allen,C,7.40%,9.5,10.5,6' 9'',6' 10.25'',9' 1.5'',233.6,7' 5.25'',6,allenja01,C,21,BRK,64,58,1647,267,413,0.6459999999999999,0,5,0.0,267,408,0.654,0.6459999999999999,147,237,0.62,195,410,605,85,37,85,72,144,681
127,Jarrett Culver,SG,5.00%,8.25,8.5,6' 5.25'',6' 6.75'',8' 4.5'',194.2,6' 9.5'',114,culveja01,SG,20,MIN,63,35,1506,230,569,0.40399999999999997,66,221,0.299,164,348,0.47100000000000003,0.462,54,117,0.462,70,142,212,110,57,38,81,125,580
128,Jarrod Uthoff,PF,6.00%,8.75,9,6' 8.5'',6' 9.75'',8' 8'',214.4,6' 11.5'',469,uthofja01,SF,26,MEM,4,0,14,1,7,0.14300000000000002,0,4,0.0,1,3,0.33299999999999996,0.14300000000000002,2,2,1.0,1,0,1,0,1,0,0,1,4
129,JaVale McGee,C-PF,5.30%,-,-,6' 11'',7' 0'',9' 6.5'',241,7' 6'',320,mcgeeja01,C,32,LAL,61,61,1023,181,283,0.64,3,6,0.5,178,277,0.643,0.645,49,75,0.653,111,243,354,34,31,92,47,145,414
130,Jaxson Hayes,PF,5.00%,9.25,10.5,6' 10.25'',6' 11.5'',9' 2.5'',218.6,7' 3.5'',203,hayesja02,C,19,NOP,56,12,951,155,235,0.66,1,4,0.25,154,231,0.667,0.662,109,173,0.63,82,141,223,51,23,53,41,142,420
131,Jaylen Brown,SG-SF,5.05%,8.75,9,6' 5.25'',6' 6.75'',8' 6.5'',222.8,6' 11.75'',69,brownja02,SF,23,BOS,50,50,1702,378,772,0.49,107,281,0.381,271,491,0.552,0.5589999999999999,159,216,0.736,54,264,318,109,56,16,116,151,1022
132,Jaylen Nowell,SG,6.10%,8.25,8.5,6' 3.25'',6' 4.25'',8' 2'',202.4,6' 7.25'',363,nowelja01,SG,20,MIN,15,0,151,19,53,0.358,3,26,0.115,16,27,0.593,0.387,16,17,0.941,3,10,13,19,3,1,3,11,57
133,Jeff Green,SF,3.70%,-,-,6' 7'',6' 9.5'',8' 7'',228,7' 1.25'',183,greenje02,PF,33,TOT,40,2,754,116,261,0.444,48,138,0.348,68,123,0.5529999999999999,0.536,57,73,0.7809999999999999,23,90,113,32,21,15,36,65,337
134,Jeff Teague,PG,4.50%,-,-,6' 0.25'',6' 1.5'',8' 2.5'',175.2,6' 7.5'',452,teaguje01,PG,31,TOT,59,17,1464,213,489,0.436,43,117,0.368,170,372,0.457,0.48,172,197,0.873,27,115,142,308,44,19,116,106,641
135,Jerami Grant,SF,3.75%,9.25,9.25,6' 6.5'',6' 7.75'',8' 11'',214,7' 2.75'',177,grantje01,PF,25,DEN,64,22,1676,263,558,0.47100000000000003,88,220,0.4,175,338,0.518,0.55,128,172,0.7440000000000001,53,174,227,79,44,52,55,141,742
136,Jeremy Lamb,SG,4.50%,8.75,9.25,6' 4'',6' 5.25'',8' 6'',179.2,6' 11'',278,lambje01,SG,27,IND,46,42,1291,216,479,0.451,53,158,0.335,163,321,0.508,0.506,92,110,0.836,24,176,200,96,55,22,50,104,577
137,Jeremy Pargo,PG,7.60%,-,-,6' 0.5'',6' 1.5'',8' 0'',208,6' 5'',380,pargoje01,PG,33,GSW,3,0,44,11,22,0.5,3,7,0.429,8,15,0.5329999999999999,0.568,0,1,0.0,1,2,3,8,1,0,4,8,25
138,Jerome Robinson,SG,6.05%,9,10,6' 4'',6' 5'',8' 2'',188.4,6' 7.25'',414,robinje01,SG,22,TOT,55,4,748,75,216,0.34700000000000003,31,104,0.298,44,112,0.39299999999999996,0.419,20,29,0.69,9,97,106,65,22,14,34,83,201
139,Jevon Carter,PG,4.15%,9.25,8.5,6' 0.25'',6' 1.5'',7' 11'',196.2,6' 4.25'',85,carteje01,PG,24,PHO,50,2,754,82,205,0.4,46,117,0.39299999999999996,36,88,0.409,0.512,21,25,0.84,25,73,98,65,38,13,31,76,231
140,Jimmy Butler,SF,5.40%,9,9,6' 6'',6' 7.75'',8' 5.5'',222.2,6' 7.5'',79,butleji01,SF,30,MIA,54,54,1851,328,722,0.45399999999999996,29,117,0.248,299,605,0.494,0.474,408,490,0.833,98,261,359,331,92,29,118,74,1093
141,Joe Harris,SG,6.20%,8.5,9.75,6' 4.75'',6' 6.25'',8' 4'',215,6' 6'',197,harrijo01,SF,28,BRK,63,63,1946,332,705,0.47100000000000003,152,369,0.41200000000000003,180,336,0.536,0.579,62,83,0.747,60,212,272,130,38,16,93,138,878
142,Joe Ingles,SF,10.10%,-,-,6' 7.75'',6' 8.25'',8' 9'',209.2,6' 10.25'',233,inglejo01,SF,32,UTA,64,37,1916,218,494,0.441,123,310,0.397,95,184,0.516,0.5660000000000001,65,84,0.774,23,233,256,331,57,9,124,135,624
143,John Collins,PF,5.40%,9,10,6' 8.25'',6' 9.5'',8' 10.5'',225.2,6' 11.25'',104,collijo01,PF,22,ATL,41,41,1363,353,605,0.583,59,147,0.401,294,458,0.642,0.632,120,150,0.8,116,300,416,60,31,66,75,138,885
144,John Henson,PF,8.60%,9.25,10,6' 9'',6' 10.5'',9' 4'',216,7' 5'',205,hensojo01,PF,29,TOT,40,8,600,95,171,0.556,8,36,0.222,87,135,0.644,0.579,23,46,0.5,46,116,162,54,24,42,36,78,221
145,Johnathan Motley,PF,-%,9,9.5,6' 7.75'',6' 8.75'',9' 0'',238.2,7' 4'',347,motlejo01,PF,24,LAC,13,0,41,11,15,0.733,1,1,1.0,10,14,0.7140000000000001,0.767,5,7,0.7140000000000001,3,7,10,8,3,0,5,6,28
146,Jordan Bell,PF,5.40%,9.25,9.5,6' 7'',6' 8.5'',8' 8.5'',223.6,6' 11.75'',37,belljo01,C-PF,25,TOT,29,0,256,35,67,0.522,4,12,0.33299999999999996,31,55,0.564,0.552,19,31,0.613,30,51,81,16,3,10,21,19,93
147,Jordan Bone,SG,5.00%,7.5,9.25,6' 1.5'',6' 2.75'',7' 11'',179,6' 3.25'',51,bonejo01,PG,22,DET,10,0,53,5,20,0.25,2,10,0.2,3,10,0.3,0.3,0,0,,0,4,4,8,1,0,2,6,12
148,Jordan Clarkson,PG,4.30%,8.25,9,6' 3.25'',6' 5'',8' 2'',186.3,6' 8'',99,clarkjo01,SG,27,TOT,63,0,1527,350,753,0.465,130,353,0.368,220,400,0.55,0.551,122,145,0.841,47,120,167,124,43,15,82,92,952
149,Jordan McRae,SG,5.20%,8.75,8.5,6' 3.75'',6' 5.25'',8' 8'',179.4,7' 0.5'',325,mcraejo01,SG,28,TOT,37,4,784,149,366,0.40700000000000003,45,126,0.35700000000000004,104,240,0.433,0.469,83,109,0.7609999999999999,18,106,124,93,21,16,43,73,426
150,Jordan Poole,SG,7.50%,8.25,8.5,6' 3.5'',6' 5.5'',8' 3.5'',190.8,6' 6.75'',396,poolejo01,SG,20,GSW,57,14,1274,167,502,0.33299999999999996,74,265,0.27899999999999997,93,237,0.392,0.406,95,119,0.7979999999999999,9,109,118,134,35,10,74,94,503
151,Josh Hart,SG-SF,5.80%,8.5,9.5,6' 3.75'',6' 5'',8' 5'',209.2,6' 8.25'',200,hartjo01,SF,24,NOP,57,14,1563,200,481,0.41600000000000004,111,325,0.342,89,156,0.5710000000000001,0.531,68,91,0.747,54,316,370,94,59,21,65,144,579
152,Josh Okogie,SG,5.20%,9,9.75,6' 3'',6' 4.5'',8' 6'',210.8,7' 0'',372,okogijo01,SG,21,MIN,62,28,1547,170,398,0.42700000000000005,41,154,0.266,129,244,0.529,0.479,152,191,0.7959999999999999,87,181,268,99,68,26,87,139,533
153,Jrue Holiday,PG-SG,6.30%,-,-,6' 3.25'',6' 4.25'',8' 4.5'',199,6' 7'',217,holidjr01,SG,29,NOP,55,55,1922,421,931,0.452,115,322,0.35700000000000004,306,609,0.502,0.514,119,170,0.7,70,198,268,378,92,44,158,125,1076
154,Julius Randle,PF,9.40%,8.75,8.25,6' 7.75'',6' 9'',8' 9.5'',249.7,7' 0'',405,randlju01,PF,25,NYK,64,64,2080,463,1006,0.46,64,231,0.27699999999999997,399,775,0.515,0.49200000000000005,258,352,0.733,151,471,622,198,51,22,193,178,1248
155,Justin Anderson,SF-SG,5.00%,8.5,9.5,6' 5.25'',6' 6.25'',8' 5'',230.6,6' 11.75'',9,anderju01,SF,26,BRK,3,0,17,1,6,0.16699999999999998,0,3,0.0,1,3,0.33299999999999996,0.16699999999999998,1,2,0.5,0,2,2,0,0,1,0,2,3
156,Justin Jackson,PF,8.90%,9,9.5,6' 6'',6' 6.75'',8' 9'',229.4,7' 3'',241,jacksju01,PF,24,DAL,58,2,929,124,311,0.39899999999999997,45,151,0.298,79,160,0.494,0.47100000000000003,36,44,0.818,27,115,142,49,12,10,12,58,329
157,Justin Patton,C,7.80%,8.75,9.75,6' 10'',6' 11.25'',9' 3.5'',229,7' 3'',386,pattoju01,C,22,OKC,5,0,24,4,10,0.4,1,4,0.25,3,6,0.5,0.45,0,0,,1,4,5,2,0,0,2,4,9
158,Justise Winslow,SF,5.30%,8.5,9.25,6' 4.5'',6' 6.5'',8' 8.5'',221.8,6' 10.25'',506,winslju01,SF,23,MIA,11,5,352,50,129,0.38799999999999996,6,27,0.222,44,102,0.431,0.41100000000000003,18,27,0.667,16,57,73,44,7,5,24,38,124
159,Kadeem Allen,PG,6.40%,8.5,8.75,6' 1'',6' 2.25'',8' 3.5'',192.4,6' 9.25'',7,allenka01,SG,27,NYK,10,0,117,19,44,0.43200000000000005,5,16,0.313,14,28,0.5,0.489,7,11,0.636,2,7,9,21,5,2,8,7,50
160,Kawhi Leonard,SF,5.40%,9.75,11.25,6' 6'',6' 7'',8' 10'',227.4,7' 3'',288,leonaka01,SF,28,LAC,51,51,1643,476,1016,0.469,107,292,0.366,369,724,0.51,0.521,311,350,0.889,52,321,373,254,92,31,140,98,1370
161,Keita Bates-Diop,SG-SF,5.35%,9,8.5,6' 7.25'',6' 8.5'',8' 10.5'',223.8,7' 3.25'',29,bateske01,SF,24,TOT,39,0,665,89,208,0.428,31,94,0.33,58,114,0.509,0.502,49,69,0.71,21,91,112,30,17,21,14,38,258
162,Keldon Johnson,SG,5.60%,8,9.25,6' 4.75'',6' 6'',8' 8'',216.4,6' 9.25'',252,johnske04,SF,20,SAS,9,0,92,16,31,0.516,2,5,0.4,14,26,0.5379999999999999,0.5479999999999999,7,10,0.7,5,12,17,6,5,1,3,9,41
163,Kelly Olynyk,PF-C,6.65%,8.5,10,6' 10.75'',7' 0'',9' 0'',234,6' 9.75'',375,olynyke01,C,28,MIA,59,6,1089,151,317,0.47600000000000003,80,185,0.43200000000000005,71,132,0.5379999999999999,0.603,70,82,0.8540000000000001,37,222,259,97,38,18,63,144,452
164,Kemba Walker,PG,5.90%,8,9,5' 11.5'',6' 1'',7' 7.5'',184,6' 3.5'',480,walkeke02,PG,29,BOS,50,50,1592,350,832,0.42100000000000004,165,438,0.377,185,394,0.47,0.52,195,225,0.867,33,171,204,247,47,25,107,77,1060
165,Kenrich Williams,SF,5.95%,8.5,9.75,6' 6'',6' 7.5'',8' 7.5'',200.4,6' 7.25'',499,willike04,PF,25,NOP,35,18,779,49,143,0.34299999999999997,25,96,0.26,24,47,0.511,0.43,9,24,0.375,49,129,178,53,25,21,21,81,132
166,Kentavious Caldwell-Pope,SG,6.45%,8.5,9,6' 4.5'',6' 5.5'',8' 4.5'',203.6,6' 8'',81,caldwke01,SG,26,LAL,63,20,1603,220,466,0.47200000000000003,87,221,0.39399999999999996,133,245,0.5429999999999999,0.565,74,95,0.779,37,95,132,105,53,13,55,117,601
167,Kevin Hervey,PF,5.15%,9.25,10.25,6' 6.5'',6' 7.75'',8' 11'',211.6,7' 3.5'',210,herveke01,PF,23,OKC,7,0,19,1,11,0.091,0,8,0.0,1,3,0.33299999999999996,0.091,0,0,,0,2,2,1,0,0,0,1,2
168,Kevin Huerter,SG,8.60%,8.25,8.5,6' 6.25'',6' 7.25'',8' 5.5'',194,6' 7.5'',227,huertke01,SG,21,ATL,56,48,1760,252,610,0.413,127,334,0.38,125,276,0.45299999999999996,0.517,53,64,0.828,35,193,228,213,51,27,87,139,684
169,Kevin Knox,SF,4.95%,8.75,9.25,6' 7.75'',6' 9'',9' 0'',212.6,6' 11.75'',270,knoxke01,SF,20,NYK,65,4,1166,144,401,0.359,65,199,0.327,79,202,0.391,0.44,66,101,0.653,28,156,184,61,23,28,45,106,419
170,Kevin Love,PF,12.90%,-,-,6' 7.75'',6' 9.5'',8' 10'',255,6' 11.25'',296,loveke01,PF,31,CLE,56,56,1780,327,727,0.45,146,390,0.374,181,337,0.537,0.55,187,219,0.8540000000000001,54,493,547,178,33,19,140,90,987
171,Kevin Porter Jr.,SG,5.10%,8.75,8.75,6' 4'',6' 5.5'',8' 7'',212.6,6' 9'',397,porteke02,SF,19,CLE,50,3,1162,186,421,0.442,53,158,0.335,133,263,0.506,0.505,73,101,0.723,22,140,162,109,46,14,93,135,498
172,Kevon Looney,PF,11.90%,9.5,9.25,6' 8'',6' 9.25'',9' 2'',222.4,7' 3.5'',293,looneke01,C,23,GSW,20,4,262,29,79,0.36700000000000005,1,14,0.071,28,65,0.431,0.373,9,12,0.75,28,38,66,20,12,6,12,34,68
173,Khem Birch,PF,6.00%,9,8.5,6' 7.5'',6' 9.25'',8' 11'',208.8,7' 1'',42,birchkh01,C,27,ORL,40,24,777,56,115,0.48700000000000004,0,1,0.0,56,114,0.491,0.48700000000000004,41,67,0.612,70,110,180,35,16,21,23,73,153
174,Khris Middleton,SF,7.80%,9,9,6' 6.75'',6' 8.25'',8' 7'',216.2,6' 10.75'',329,middlkh01,SF,28,MIL,55,52,1653,424,850,0.499,133,318,0.418,291,532,0.547,0.5770000000000001,178,196,0.9079999999999999,40,301,341,225,51,7,113,122,1159
175,Khyri Thomas,SG,6.40%,8.75,9.25,6' 2.5'',6' 3.75'',8' 5'',198.8,6' 10.5'',456,thomakh01,SG,23,DET,8,0,61,5,17,0.294,5,14,0.35700000000000004,0,3,0.0,0.441,2,4,0.5,1,0,1,3,3,0,3,9,17
176,Kostas Antetokounmpo,PF,5.00%,9.25,9.5,6' 9'',6' 10.5'',9' 2'',194.8,7' 2.25'',13,antetko01,PF,22,LAL,3,0,5,0,0,,0,0,,0,0,,,0,0,,0,1,1,1,0,0,0,0,0
177,Kris Dunn,PG,-%,-,-,6' 3'',6' 4.25'',8' 4'',0,6' 9.5'',137,dunnkr01,PG,25,CHI,51,32,1269,152,342,0.444,29,112,0.259,123,230,0.535,0.48700000000000004,40,54,0.741,23,163,186,173,101,17,68,158,373
178,Ky Bowman,PG,4.90%,8.25,9,6' 1'',6' 2.25'',8' 2'',181.2,6' 7'',56,bowmaky01,PG,22,GSW,45,12,1015,134,321,0.41700000000000004,33,107,0.308,101,214,0.47200000000000003,0.469,34,41,0.8290000000000001,24,97,121,131,44,10,70,102,335
179,Kyle Anderson,SF,13.35%,8.25,8.75,6' 7.5'',6' 8.5'',8' 11.5'',230.1,7' 2.75'',10,anderky01,PF,26,MEM,59,20,1140,138,280,0.493,16,62,0.258,122,218,0.56,0.521,43,66,0.652,54,203,257,132,46,31,55,85,335
180,Kyle Guy,SG,5.70%,8,8.75,6' 0.75'',6' 2.25'',7' 11.5'',167.8,6' 4.5'',186,guyky01,SG,22,SAC,2,0,4,1,2,0.5,0,1,0.0,1,1,1.0,0.5,0,0,,0,0,0,0,0,0,0,0,2
181,Kyle Korver,SF,6.70%,-,-,6' 6.25'',,8' 6.5'',211,6' 9.5'',274,korveky01,SF,38,MIL,50,0,833,111,259,0.429,86,207,0.415,25,52,0.48100000000000004,0.595,28,34,0.8240000000000001,14,90,104,61,21,12,42,68,336
182,Kyle Kuzma,SF-SG,9.40%,8.5,9.5,6' 8'',6' 9.5'',8' 11.5'',222.6,7' 0.25'',276,kuzmaky01,PF,24,LAL,54,7,1327,254,588,0.43200000000000005,70,236,0.297,184,352,0.523,0.491,96,130,0.738,48,194,242,69,21,21,85,106,674
183,Kyle O'Quinn,PF,8.00%,9.5,10,6' 8.5'',6' 10'',8' 10.5'',240.8,7' 4.75'',368,oquinky01,C,29,PHI,26,1,258,35,72,0.486,7,23,0.304,28,49,0.5710000000000001,0.535,10,19,0.526,32,66,98,35,5,22,18,35,87
184,Kyrie Irving,PG,10.20%,8.25,9.25,6' 1.75'',6' 3.5'',8' 3'',191,6' 4'',235,irvinky01,PG,27,BRK,20,20,658,199,416,0.478,56,142,0.39399999999999996,143,274,0.522,0.546,94,102,0.922,22,81,103,128,27,10,52,53,548
185,KZ Okpala,SF,4.60%,9.25,9.25,6' 7.25'',6' 9.5'',8' 10.5'',209.6,7' 1.75'',373,okpalkz01,SF,20,MIA,5,0,26,3,5,0.6,0,1,0.0,3,4,0.75,0.6,1,2,0.5,1,4,5,1,2,1,1,2,7
186,LaMarcus Aldridge,PF-C,8.70%,-,-,6' 10'',6' 11.25'',9' 2'',234,7' 4.75'',3,aldrila01,C,34,SAS,53,53,1754,391,793,0.493,61,157,0.389,330,636,0.519,0.532,158,191,0.8270000000000001,103,289,392,129,36,87,74,128,1001
187,Landry Shamet,PG,4.85%,8,9,6' 4'',6' 5.25'',8' 4'',188.6,6' 6.75'',434,shamela01,SG,22,LAC,47,27,1294,146,351,0.41600000000000004,105,268,0.392,41,83,0.494,0.5660000000000001,57,63,0.905,6,84,90,87,19,9,36,130,454
188,LeBron James,SF-SG,6.70%,-,-,6' 7.25'',,8' 10.25'',245,7' 0.25'',244,jamesle01,PG,35,LAL,60,60,2094,586,1176,0.498,133,381,0.349,453,795,0.57,0.555,239,343,0.6970000000000001,59,414,473,636,74,30,239,106,1544
189,Lonnie Walker,SG,5.65%,9,9.5,6' 3.75'',6' 4.5'',8' 3.5'',196.2,6' 10.25'',481,walkelo01,SG,21,SAS,53,4,767,116,267,0.434,29,71,0.408,87,196,0.444,0.489,38,53,0.7170000000000001,20,95,115,46,28,13,31,70,299
190,Louis King,SF,4.80%,8,8.5,6' 6.75'',6' 8'',8' 8.5'',195.2,7' 0.25'',267,kinglo02,SF,20,DET,10,0,62,8,21,0.381,4,11,0.364,4,10,0.4,0.47600000000000003,0,3,0.0,1,9,10,5,2,0,2,10,20
191,Luguentz Dort,PG,5.00%,8.5,9,6' 2.75'',6' 4.25'',8' 3.5'',222.2,6' 8.5'',130,dortlu01,SG,20,OKC,29,21,637,65,157,0.414,22,73,0.301,43,84,0.512,0.484,28,36,0.778,15,39,54,21,23,2,15,78,180
192,Luke Kennard,SG-SF,6.60%,8,8.75,6' 4.5'',6' 5.5'',8' 2.5'',196.2,6' 5.25'',264,kennalu01,SG,23,DET,28,25,922,151,342,0.442,73,183,0.39899999999999997,78,159,0.491,0.5479999999999999,67,75,0.893,9,89,98,115,12,6,43,65,442
193,Malcolm Brogdon,SG,5.40%,9,10.25,6' 3.75'',6' 5.5'',8' 2'',223,6' 10.5'',65,brogdma01,PG,27,IND,48,48,1472,289,659,0.439,61,195,0.313,228,464,0.491,0.485,145,162,0.895,40,186,226,343,33,8,115,88,784
194,Malik Beasley,SG,6.90%,8.5,9,6' 3.5'',6' 4.5'',8' 4.5'',189.8,6' 7'',35,beaslma01,SG,23,TOT,55,14,1209,227,534,0.425,107,276,0.38799999999999996,120,258,0.465,0.525,54,66,0.818,18,130,148,75,40,8,57,77,615
195,Malik Newman,SG,6.25%,8.5,9.5,6' 2.5'',6' 3.25'',8' 2.5'',189.2,6' 5.5'',359,newmama01,SG,22,CLE,1,0,4,0,2,0.0,0,1,0.0,0,1,0.0,0.0,2,2,1.0,0,0,0,0,0,0,1,0,2
196,Marcus Morris,PF-SF,8.00%,8.25,8.5,6' 7'',6' 8.75'',8' 9.5'',229.6,6' 10'',344,morrima03,SF-PF,30,TOT,55,55,1727,325,750,0.433,133,324,0.41,192,426,0.451,0.522,172,209,0.823,55,226,281,77,42,27,88,161,955
197,Marcus Smart,PG,10.55%,9,8.75,6' 2'',6' 3.25'',8' 3'',227.2,6' 9.25'',442,smartma01,SG,25,BOS,53,39,1721,240,632,0.38,128,368,0.348,112,264,0.424,0.48100000000000004,106,127,0.835,40,164,204,257,86,27,89,142,714
198,Marial Shayok,SF-PF,4.70%,8.75,9.25,6' 4.5'',6' 5.5'',8' 7.5'',196.8,7' 0.25'',435,shayoma01,SG,24,PHI,2,0,10,1,5,0.2,1,3,0.33299999999999996,0,2,0.0,0.3,0,0,,0,3,3,1,0,0,1,0,3
200,Markieff Morris,PF,10.20%,8.5,8.25,6' 7.75'',6' 9.25'',8' 10.5'',240.8,6' 10.75'',345,morrima02,PF,30,TOT,52,16,1106,189,425,0.445,81,210,0.386,108,215,0.502,0.54,65,83,0.7829999999999999,34,165,199,74,28,15,75,120,524
201,Marquese Chriss,PF,8.50%,9,9,6' 8.75'',6' 10'',8' 9'',233,7' 0.25'',96,chrisma01,PF,22,GSW,59,21,1196,210,385,0.545,8,39,0.205,202,346,0.584,0.556,120,156,0.769,114,251,365,114,39,62,78,122,548
202,Marvin Williams,PF-SF,-%,-,-,6' 7'',6' 8.25'',9' 0'',228.2,7' 3.5'',501,willima02,PF,33,TOT,52,1,1011,110,249,0.442,52,144,0.361,58,105,0.552,0.546,47,54,0.87,20,128,148,56,35,26,28,94,319
203,Mason Plumlee,C-PF,6.15%,9.75,9.5,6' 11.25'',7' 0.5'',9' 0'',238.2,6' 11'',392,plumlma01,C,29,DEN,53,1,900,153,248,0.617,0,4,0.0,153,244,0.627,0.617,74,138,0.536,89,193,282,125,29,33,72,125,380
204,Maurice Harkless,SF,5.30%,9.25,10.25,6' 7.25'',6' 8.75'',8' 6.5'',206.6,7' 0'',193,harklma01,SF,26,TOT,62,48,1427,142,283,0.502,34,98,0.34700000000000003,108,185,0.584,0.562,39,66,0.591,55,185,240,68,58,33,53,148,357
205,Melvin Frazier,SF-SG,7.90%,9.5,9.5,6' 4.5'',6' 6'',8' 9'',198.2,7' 1.75'',156,frazime01,SG,23,ORL,15,0,51,6,17,0.353,4,7,0.5710000000000001,2,10,0.2,0.47100000000000003,2,4,0.5,1,3,4,1,4,2,3,8,18
206,Meyers Leonard,C,5.70%,9.25,11,6' 11.75'',7' 1.25'',9' 0'',249.8,7' 3'',289,leoname01,C,27,MIA,49,49,987,116,223,0.52,51,119,0.429,65,104,0.625,0.635,17,26,0.654,27,221,248,53,13,15,35,103,300
207,Mfiondu Kabengele,PF,5.10%,9.25,10.75,6' 8.75'',6' 10.25'',9' 1.5'',256.2,7' 3'',261,kabenmf01,C,22,LAC,12,0,64,14,32,0.43799999999999994,9,20,0.45,5,12,0.41700000000000004,0.578,5,5,1.0,1,10,11,2,2,2,2,9,42
208,Michael Carter-Williams,PG,4.40%,7.5,8.5,6' 4.75'',6' 5.75'',8' 5'',184.4,6' 7.25'',88,cartemi01,SG,28,ORL,42,0,773,105,242,0.434,20,68,0.294,85,174,0.489,0.475,72,87,0.828,44,96,140,102,45,20,48,78,302
209,Michael Kidd-Gilchrist,SF,7.00%,9,10.25,6' 5.75'',6' 7.5'',8' 8.5'',232.8,7' 0'',266,kiddgmi01,PF-SF,26,TOT,21,0,231,19,60,0.317,5,20,0.25,14,40,0.35,0.358,9,11,0.818,12,43,55,13,2,5,13,32,52
210,Mike Conley,PG,4.20%,-,-,5' 11'',6' 0.75'',7' 10.5'',175,6' 5.75'',106,conlemi01,PG,32,UTA,41,35,1171,197,486,0.405,80,213,0.376,117,273,0.429,0.488,93,117,0.795,27,106,133,178,31,4,76,92,567
211,Mike Muscala,C-PF,6.80%,8.5,9,6' 10.25'',6' 11.5'',9' 0'',230.2,7' 1'',353,muscami01,C,28,OKC,41,0,492,64,159,0.40299999999999997,43,120,0.358,21,39,0.5379999999999999,0.5379999999999999,18,22,0.818,13,81,94,34,8,11,14,51,189
212,Mike Scott,PF,10.60%,8.5,9,6' 7.25'',6' 8.75'',8' 8'',240.8,6' 10.75'',431,scottmi01,PF,31,PHI,63,10,1119,130,319,0.408,73,204,0.358,57,115,0.496,0.522,25,30,0.833,58,167,225,48,19,5,24,85,358
213,Miles Bridges,SF,5.90%,9,9.75,6' 5.25'',6' 6.75'',8' 7.5'',220.4,6' 9.5'',62,bridgmi02,SF,21,CHO,65,64,1995,319,753,0.424,99,300,0.33,220,453,0.486,0.489,106,131,0.809,88,274,362,114,40,48,95,132,843
214,Miye Oni,SG,4.90%,9,10,6' 4.25'',6' 5.75'',8' 4.5'',205.6,6' 10.75'',376,onimi01,SG,22,UTA,5,0,11,0,2,0.0,0,1,0.0,0,1,0.0,0.0,0,0,,0,2,2,0,0,0,1,0,0
215,Monte Morris,PG,6.90%,8.25,8.75,6' 1.25'',6' 2.5'',8' 0.5'',175.2,6' 4'',346,morrimo01,PG,24,DEN,65,8,1402,222,484,0.45899999999999996,54,144,0.375,168,340,0.494,0.514,51,62,0.823,20,92,112,230,53,16,45,64,549
216,Montrezl Harrell,PF,11.90%,9,9.75,6' 7'',6' 7.5'',9' 1'',253.4,7' 4.25'',195,harremo01,C,26,LAC,63,2,1749,471,812,0.58,0,18,0.0,471,794,0.593,0.58,231,351,0.6579999999999999,163,282,445,107,39,72,108,146,1173
217,Moritz Wagner,C-PF,6.75%,9,10.75,6' 10.5'',6' 11.5'',9' 0'',241.4,7' 0'',478,wagnemo01,C,22,WAS,37,5,707,131,228,0.575,23,67,0.34299999999999997,108,161,0.6709999999999999,0.625,67,82,0.8170000000000001,51,141,192,49,22,17,55,134,352
218,Moses Brown,C,7.80%,9.5,10.25,7' 1.25'',7' 2.5'',9' 5'',237.2,7' 4.75'',70,brownmo01,C,20,POR,9,0,33,4,10,0.4,0,0,,4,10,0.4,0.4,3,8,0.375,3,11,14,1,1,1,3,7,11
219,Myles Turner,C-PF,9.30%,9.25,9.25,6' 9.75'',6' 11.5'',9' 4'',238.6,7' 4'',468,turnemy01,C,23,IND,55,55,1628,233,517,0.451,77,229,0.336,156,288,0.542,0.525,108,144,0.75,70,290,360,61,42,120,68,138,651
220,Nassir Little,SF,5.90%,8.75,10,6' 4.5'',6' 6'',8' 8.5'',224.2,7' 1.25'',292,littlna01,PF,19,POR,48,5,573,65,151,0.43,14,59,0.237,51,92,0.5539999999999999,0.47700000000000004,28,44,0.636,31,77,108,22,13,14,15,72,172
221,Naz Reid,PF,14.00%,9.5,9.25,6' 8.75'',6' 9.5'',9' 1'',255.8,7' 3.25'',409,reidna01,C,20,MIN,30,11,495,100,243,0.41200000000000003,32,97,0.33,68,146,0.466,0.47700000000000004,37,53,0.698,34,90,124,35,19,22,22,83,269
222,Nerlens Noel,C,4.15%,9.5,10,6' 10'',6' 11.75'',9' 2'',206.4,7' 3.75'',361,noelne01,C,25,OKC,55,6,1014,174,254,0.685,1,3,0.33299999999999996,173,251,0.6890000000000001,0.687,75,98,0.765,82,189,271,53,56,82,54,143,424
223,Nickeil Alexander-Walker,SG,5.90%,8.5,8.75,6' 4.25'',6' 5.5'',8' 6'',203.8,6' 9.5'',4,alexani01,SG,21,NOP,41,0,501,77,227,0.33899999999999997,40,117,0.342,37,110,0.336,0.42700000000000005,17,28,0.607,8,72,80,74,11,7,40,46,211
224,Nicolas Claxton,C,4.50%,9.25,9.5,6' 10'',6' 11.75'',9' 2'',216.6,7' 2.5'',100,claxtni01,PF,20,BRK,15,0,187,27,48,0.563,1,7,0.14300000000000002,26,41,0.634,0.573,11,21,0.524,19,25,44,16,1,8,9,14,66
225,Nigel Williams-Goss,PG,5.60%,8.75,9.25,6' 1.5'',6' 3'',8' 3'',190.2,6' 7.25'',503,willini01,PG,25,UTA,9,0,28,1,7,0.14300000000000002,0,2,0.0,1,5,0.2,0.14300000000000002,2,2,1.0,2,3,5,5,1,1,2,2,4
226,Noah Vonleh,PF,7.30%,9.75,11.75,6' 8'',6' 9.5'',9' 0'',247.1,7' 4.25'',475,vonleno01,C-PF,24,TOT,33,1,364,50,89,0.562,3,15,0.2,47,74,0.635,0.579,24,30,0.8,37,86,123,27,11,6,21,38,127
227,Norman Powell,SG,6.40%,9.25,9,6' 3'',6' 4.25'',8' 6.5'',215.4,6' 10.75'',403,powelno01,SG,26,TOR,44,23,1269,259,516,0.502,94,236,0.39799999999999996,165,280,0.589,0.593,109,130,0.838,23,138,161,78,55,17,64,93,721
228,Norvel Pelle,PF-C,5.15%,8.75,9.5,6' 9.5'',6' 10.5'',9' 1'',207.2,7' 2.5'',390,pelleno01,C,26,PHI,20,0,178,18,35,0.514,0,0,,18,35,0.514,0.514,6,12,0.5,16,44,60,7,1,25,13,39,42
229,OG Anunoby,SF,6.80%,9.25,9.5,6' 6.25'',6' 7.75'',8' 11.5'',232.4,7' 2.25'',16,anunoog01,SF,22,TOR,63,62,1897,267,527,0.507,82,215,0.381,185,312,0.593,0.584,59,86,0.6859999999999999,74,267,341,99,88,42,75,155,675
230,Omari Spellman,PF-C,13.75%,9,9,6' 8'',6' 9.25'',8' 11.5'',253.8,7' 2'',447,spellom01,PF,22,GSW,49,3,886,127,295,0.431,43,110,0.391,84,185,0.45399999999999996,0.503,73,92,0.7929999999999999,77,142,219,47,33,24,54,63,370
231,Otto Porter,SF,6.65%,8.75,9.25,6' 7.5'',6' 8.5'',8' 9.5'',197.6,7' 1.5'',399,porteot01,SF,26,CHI,14,9,331,62,140,0.44299999999999995,24,62,0.387,38,78,0.48700000000000004,0.529,19,27,0.7040000000000001,13,35,48,25,15,6,11,31,167
232,P.J. Washington,PF,8.60%,9,10.25,6' 6.5'',6' 8'',8' 10.5'',230.4,7' 2.25'',487,washipj01,PF,21,CHO,58,57,1759,268,589,0.455,86,230,0.374,182,359,0.507,0.528,88,136,0.647,58,258,316,123,51,44,93,158,710
233,Pascal Siakam,PF,5.20%,9.25,10,6' 8.25'',6' 9.5'',8' 11.5'',226.6,7' 3.25'',437,siakapa01,PF,25,TOR,53,53,1882,459,1000,0.45899999999999996,115,320,0.359,344,680,0.506,0.517,220,275,0.8,57,342,399,191,53,49,132,151,1253
234,Pat Connaughton,SG,10.20%,8.5,9.25,6' 4'',6' 5.25'',8' 0'',215,6' 8'',107,connapa01,SG,27,MIL,61,1,1119,119,261,0.456,44,137,0.321,75,124,0.605,0.54,27,36,0.75,56,203,259,95,20,30,47,60,309
235,Patrick McCaw,PG-SG,4.70%,8.75,8.75,6' 5.25'',6' 6.75'',8' 4.5'',180.8,6' 10'',315,mccawpa01,SF,24,TOR,37,12,908,67,162,0.414,23,71,0.324,44,91,0.484,0.485,13,18,0.722,19,67,86,79,39,4,29,60,170
236,Patrick Patterson,PF,5.30%,9.25,10.25,6' 8'',6' 9.25'',8' 11'',239.6,7' 1.25'',385,pattepa01,PF,30,LAC,51,18,607,76,188,0.40399999999999997,55,142,0.387,21,46,0.457,0.551,27,34,0.794,30,91,121,31,6,3,18,41,234
237,Patty Mills,PG,6.90%,-,-,5' 11.25'',6' 0.5'',7' 11'',175.4,6' 2'',333,millspa02,PG,31,SAS,63,1,1430,247,576,0.429,148,389,0.38,99,187,0.529,0.557,93,108,0.861,19,80,99,112,52,6,51,98,735
238,Paul George,SF,5.00%,8.5,9,6' 7.75'',6' 8.75'',8' 11'',214.4,6' 11.25'',167,georgpa01,SF,29,LAC,42,42,1222,291,674,0.43200000000000005,133,333,0.39899999999999997,158,341,0.46299999999999997,0.53,165,187,0.882,22,219,241,162,56,20,113,101,880
239,Paul Millsap,PF,9.70%,-,-,6' 6.25'',6' 7.25'',8' 9.5'',258,7' 1.5'',334,millspa01,PF,34,DEN,44,41,1075,188,387,0.486,48,109,0.44,140,278,0.504,0.5479999999999999,105,126,0.833,87,173,260,70,38,28,61,127,529
240,PJ Dozier,SG,6.10%,8.5,9.5,6' 5.25'',6' 6.75'',8' 5'',200.6,6' 11'',133,doziepj01,PG,23,DEN,21,0,234,36,91,0.396,7,28,0.25,29,63,0.46,0.434,7,11,0.636,5,25,30,29,7,5,11,27,86
241,Quinn Cook,PG,6.70%,7.5,8.75,6' 0.25'',6' 2'',8' 0.5'',179,6' 4'',108,cookqu01,PG,26,LAL,38,0,409,76,173,0.439,25,66,0.379,51,107,0.47700000000000004,0.512,6,9,0.667,7,33,40,40,11,1,25,23,183
242,Quinndary Weatherspoon,SG,6.10%,8.5,9,6' 3'',6' 4.25'',8' 4'',206.6,6' 9'',491,weathqu01,SG,23,SAS,3,0,15,0,3,0.0,0,1,0.0,0,2,0.0,0.0,0,0,,0,1,1,1,0,0,0,0,0
243,Reggie Bullock,SG-SF,6.95%,8.5,9,6' 5.75'',6' 7'',8' 6'',199.8,6' 8.75'',75,bullore01,SG,28,NYK,29,19,684,90,224,0.402,37,111,0.33299999999999996,53,113,0.469,0.484,17,21,0.81,13,55,68,42,25,3,19,56,234
244,Richaun Holmes,PF,8.80%,8.5,8.5,6' 8.25'',6' 9.5'',9' 0'',242.8,7' 1.5'',220,holmeri01,C,26,SAC,39,33,1125,210,321,0.654,0,0,,210,321,0.654,0.654,80,100,0.8,118,207,325,39,39,55,49,152,500
246,Robert Covington,SF-PF,4.70%,9,8.5,6' 6.25'',6' 7.5'',8' 10'',208.6,7' 1.75'',110,covinro01,PF,29,TOT,62,60,1867,280,648,0.43200000000000005,148,424,0.349,132,224,0.589,0.546,86,108,0.7959999999999999,54,343,397,74,95,80,93,196,794
247,Rodney Hood,SF,7.45%,8.5,8.5,6' 7.25'',6' 8.5'',8' 7'',208.2,6' 8.5'',221,hoodro01,SF,27,POR,21,21,619,87,172,0.506,35,71,0.493,52,101,0.515,0.608,21,27,0.778,10,62,72,32,17,4,19,46,230
248,Romeo Langford,SG,-%,9,9,6' 4.5'',6' 6'',8' 7'',-,6' 11'',279,langfro01,SG,20,BOS,27,1,298,24,64,0.375,5,23,0.217,19,41,0.46299999999999997,0.414,16,23,0.696,14,18,32,6,8,6,9,29,69
249,Rondae Hollis-Jefferson,SF,5.00%,8.75,9.75,6' 5.5'',6' 7'',8' 8'',210.8,7' 2'',219,holliro01,SF,25,TOR,52,5,998,139,295,0.47100000000000003,2,17,0.11800000000000001,137,278,0.493,0.475,95,129,0.736,102,152,254,90,44,22,49,105,375
250,Rudy Gay,SF-PF,5.70%,-,-,6' 7'',6' 8'',8' 11.5'',222,7' 3'',166,gayru01,PF,33,SAS,60,5,1287,222,502,0.442,58,185,0.314,164,317,0.517,0.5,99,113,0.8759999999999999,56,266,322,101,26,28,78,89,601
251,Rudy Gobert,C,4.40%,9.75,10,7' 0.5'',7' 2'',9' 7'',237.6,7' 8.5'',171,goberru01,C,27,UTA,62,62,2142,353,506,0.698,0,0,,353,506,0.698,0.698,228,367,0.621,211,639,850,93,47,124,120,196,934
252,Russell Westbrook,PG,4.80%,-,-,6' 2.25'',6' 3.5'',8' 4'',192,6' 7.75'',492,westbru01,PG,31,HOU,53,53,1905,568,1199,0.474,51,201,0.254,517,998,0.518,0.495,269,346,0.777,94,332,426,370,88,17,236,187,1456
253,Semi Ojeleye,SF-SG,5.50%,8.75,9.5,6' 5.25'',6' 6.75'',8' 6'',241.4,6' 9.75'',369,ojelese01,PF,25,BOS,61,5,891,65,159,0.409,36,98,0.36700000000000005,29,61,0.475,0.522,25,28,0.893,24,100,124,31,18,5,12,63,191
254,Seth Curry,SG,9.60%,8,8.25,6' 1'',6' 3'',8' 1.5'',179.2,6' 4'',115,curryse01,SG,29,DAL,59,20,1448,266,532,0.5,136,300,0.45299999999999996,130,232,0.56,0.628,74,88,0.841,26,113,139,119,36,8,60,101,742
255,Shabazz Napier,PG,7.35%,8.25,8.5,5' 11'',6' 1'',7' 9'',175.2,6' 3.25'',357,napiesh01,PG,28,TOT,51,30,1234,170,413,0.41200000000000003,71,222,0.32,99,191,0.518,0.498,116,141,0.823,25,121,146,253,66,9,111,93,527
256,Shai Gilgeous-Alexander,PG,3.00%,9,9,6' 4.5'',6' 6'',8' 8'',180,6' 11.5'',170,gilgesh01,SG,21,OKC,63,63,2214,442,935,0.473,78,222,0.35100000000000003,364,713,0.511,0.514,254,317,0.8009999999999999,45,339,384,208,70,45,117,108,1216
257,Shake Milton,SG-PG,6.80%,8.75,9.5,6' 4.5'',6' 5.5'',8' 3.5'',207.2,7' 0.75'',335,miltosh01,SG,23,PHI,32,16,611,108,217,0.498,48,106,0.45299999999999996,60,111,0.541,0.608,39,51,0.765,11,57,68,71,19,6,38,69,303
258,Shamorie Ponds,PG,9.80%,7.75,8,5' 11.5'',6' 0.5'',8' 0.5'',180,6' 3.5'',395,pondssh01,PG,21,TOR,4,0,11,3,5,0.6,1,2,0.5,2,3,0.667,0.7,2,2,1.0,0,1,1,2,0,1,0,2,9
259,Solomon Hill,SF,7.60%,9,10.5,6' 5.5'',6' 7'',8' 7'',226,6' 9'',214,hillso01,SF,28,TOT,54,4,992,100,248,0.40299999999999997,59,156,0.37799999999999995,41,92,0.446,0.522,30,42,0.7140000000000001,27,127,154,98,36,12,47,78,289
260,Spencer Dinwiddie,PG,5.35%,8.25,9,6' 4.5'',6' 6'',8' 7'',204.9,6' 8.25'',127,dinwisp01,SG,26,BRK,64,49,1994,424,1021,0.415,123,400,0.308,301,621,0.485,0.47600000000000003,347,446,0.778,32,189,221,432,40,21,174,180,1318
261,Stanley Johnson,SF,7.50%,9,9,6' 5'',6' 6.5'',8' 6'',241.8,6' 11.5'',253,johnsst04,PF,23,TOR,20,0,96,8,31,0.258,2,13,0.154,6,18,0.33299999999999996,0.29,5,6,0.833,3,19,22,8,4,2,8,10,23
262,Stephen Curry,PG-SG,5.70%,-,-,6' 2'',6' 3.25'',8' 1'',181,6' 3.5'',116,curryst01,PG,31,GSW,5,5,139,33,82,0.402,12,49,0.245,21,33,0.636,0.47600000000000003,26,26,1.0,4,22,26,33,5,2,16,11,104
263,Steven Adams,C,6.65%,9.5,11,6' 10.75'',7' 0'',9' 1.5'',254.5,7' 4.5'',1,adamsst01,C,26,OKC,58,58,1564,262,443,0.591,1,3,0.33299999999999996,261,440,0.593,0.593,108,183,0.59,196,347,543,141,50,65,86,111,633
264,Sviatoslav Mykhailiuk,SG-SF,8.45%,8.25,9.5,6' 6.5'',6' 7.75'',8' 4'',211.6,6' 4.75'',354,mykhasv01,SF,22,DET,56,27,1265,166,405,0.41,115,285,0.40399999999999997,51,120,0.425,0.552,57,70,0.8140000000000001,17,87,104,106,41,4,61,87,504
265,T.J. Warren,SF,7.95%,8.75,9,6' 7'',6' 8.25'',8' 8'',220.2,6' 10.25'',486,warretj01,SF,26,IND,61,61,1984,460,869,0.529,69,184,0.375,391,685,0.5710000000000001,0.569,151,186,0.812,61,181,242,87,70,27,77,170,1140
266,Tacko Fall,C,6.80%,10.5,10.5,7' 5.25'',7' 7'',10' 2.5'',288.8,8' 2.25'',146,fallta01,C,24,BOS,6,0,24,9,12,0.75,0,0,,9,12,0.75,0.75,1,3,0.33299999999999996,0,11,11,0,0,2,3,5,19
267,Taj Gibson,PF,6.60%,-,-,6' 8.5'',6' 9.75'',9' 1'',214.4,7' 4'',168,gibsota01,C,34,NYK,62,56,1025,167,286,0.584,4,14,0.28600000000000003,163,272,0.599,0.591,41,56,0.732,111,156,267,52,27,30,47,122,379
268,Talen Horton-Tucker,SG,8.40%,9.5,9.75,6' 2.5'',6' 4'',8' 7'',235.4,7' 1.25'',223,hortota01,SG,19,LAL,2,0,5,0,1,0.0,0,1,0.0,0,0,,0.0,0,0,,0,0,0,2,1,0,0,0,0
269,Taurean Prince,SF,6.45%,9,8.5,6' 6.5'',6' 7.75'',8' 6'',220.2,6' 11.5'',483,princta02,SF,25,BRK,64,61,1857,278,739,0.376,146,431,0.33899999999999997,132,308,0.429,0.475,71,89,0.7979999999999999,50,331,381,116,57,25,127,159,773
270,Terance Mann,SG-SF,4.00%,9.5,9.25,6' 4.75'',6' 6.5'',8' 5'',204.6,6' 7.75'',305,mannte01,SG,23,LAC,35,6,271,22,54,0.40700000000000003,3,12,0.25,19,42,0.452,0.435,9,12,0.75,4,29,33,38,8,5,14,36,56
271,Terence Davis,SG,4.10%,9.25,10.75,6' 3'',6' 4.5'',8' 5'',192.4,6' 8.75'',120,daviste02,SG,22,TOR,64,2,1087,181,391,0.46299999999999997,88,222,0.396,93,169,0.55,0.575,45,52,0.865,46,171,217,107,32,12,65,104,495
272,Terrance Ferguson,SG-SF,5.80%,8.5,10,6' 5.5'',6' 7'',8' 7'',184.4,6' 8.75'',149,fergute01,SF,21,OKC,50,37,1170,74,199,0.37200000000000005,46,155,0.297,28,44,0.636,0.48700000000000004,15,19,0.789,23,50,73,45,26,16,30,144,209
273,Terrence Ross,SG-SF,3.20%,8.75,10.25,6' 6'',6' 7'',8' 4.5'',196.6,6' 7.25'',420,rosste01,SG,28,ORL,63,0,1723,316,777,0.40700000000000003,162,454,0.35700000000000004,154,323,0.47700000000000004,0.511,136,161,0.845,13,190,203,74,69,22,62,95,930
274,Terry Rozier,PG-SG,5.60%,8.25,8.5,6' 0.5'',6' 2.25'',8' 2.5'',190.2,6' 8.25'',421,roziete01,PG,25,CHO,63,63,2164,398,941,0.423,172,423,0.40700000000000003,226,518,0.436,0.514,166,190,0.8740000000000001,50,226,276,259,61,10,141,126,1134
275,Thaddeus Young,SF,4.90%,-,-,6' 5.75'',6' 7.5'',8' 10'',210,6' 11.5'',510,youngth01,PF,31,CHI,64,16,1591,269,601,0.44799999999999995,79,222,0.35600000000000004,190,379,0.501,0.513,42,72,0.583,94,221,315,117,92,23,102,134,659
276,Thanasis Antetokounmpo,SF,6.05%,9,9.75,6' 5.25'',6' 6.25'',8' 8.5'',205.2,7' 0'',14,antetth01,SF,27,MIL,18,2,93,19,36,0.528,0,7,0.0,19,29,0.655,0.528,7,15,0.467,11,8,19,9,6,2,11,13,45
277,Theo Pinson,SG-SF,7.35%,9,9,6' 5'',6' 6.75'',8' 7.5'',211.2,6' 10.75'',391,pinsoth01,SG,24,BRK,33,0,365,45,155,0.29,15,80,0.188,30,75,0.4,0.33899999999999997,15,16,0.938,10,44,54,56,17,4,33,35,120
278,Thomas Bryant,PF-C,9.40%,9.5,10.25,6' 9.5'',6' 10.75'',9' 4.5'',247.8,7' 6'',74,bryanth01,C,22,WAS,38,28,901,184,307,0.599,22,54,0.40700000000000003,162,253,0.64,0.635,70,95,0.737,75,185,260,71,14,33,48,85,460
279,Thon Maker,PF,6.05%,8.75,9.5,6' 11.75'',7' 0.75'',9' 2.5'',216,7' 3'',304,makerth01,C,22,DET,60,14,776,93,193,0.48200000000000004,22,64,0.344,71,129,0.55,0.539,73,110,0.664,54,113,167,43,25,39,45,102,281
280,Tim Hardaway Jr.,SG,6.05%,8,9.25,6' 4.5'',6' 6.25'',8' 5'',199.4,6' 7'',191,hardati02,SG,27,DAL,63,50,1815,346,792,0.43700000000000006,185,455,0.40700000000000003,161,337,0.478,0.5539999999999999,121,151,0.8009999999999999,23,175,198,124,39,5,61,105,998
281,Tobias Harris,SF-PF,8.40%,8.75,9,6' 6.5'',6' 7.75'',8' 7.5'',222.8,6' 11'',198,harrito02,PF,27,PHI,65,65,2243,494,1046,0.47200000000000003,117,323,0.36200000000000004,377,723,0.521,0.528,154,191,0.8059999999999999,54,386,440,205,49,35,97,148,1259
282,Tony Bradley,C,12.00%,9.5,9.5,6' 9.25'',6' 10.75'',9' 4.5'',248.8,7' 5'',58,bradlto01,C,22,UTA,50,2,535,103,155,0.665,1,1,1.0,102,154,0.662,0.6679999999999999,26,40,0.65,90,126,216,17,12,25,23,98,233
283,Tony Snell,SF-SG,4.85%,9,9.5,6' 6'',6' 7.25'',8' 9.5'',198.2,6' 11.5'',446,snellto01,SF,28,DET,59,57,1641,170,382,0.445,102,254,0.402,68,128,0.531,0.579,32,32,1.0,9,102,111,127,32,15,31,101,474
284,Trae Young,PG,5.35%,8,9.25,6' 0.5'',6' 1.75'',7' 11.5'',177.8,6' 3'',511,youngtr01,PG,21,ATL,60,60,2120,546,1249,0.43700000000000006,205,568,0.361,341,681,0.501,0.519,481,559,0.86,32,223,255,560,65,8,289,104,1778
285,Tremont Waters,PG,6.60%,8,9.75,5' 9.5'',5' 10.75'',7' 9.5'',172.4,6' 2.25'',489,watertr01,PG,22,BOS,10,0,89,12,35,0.34299999999999997,3,17,0.17600000000000002,9,18,0.5,0.386,6,6,1.0,0,9,9,12,5,2,10,11,33
286,Treveon Graham,SF,5.50%,8.5,8.25,6' 4'',6' 5.75'',8' 7'',219.4,6' 10.5'',176,grahatr01,SG,26,TOT,55,20,929,87,242,0.36,33,120,0.275,54,122,0.44299999999999995,0.428,36,56,0.643,51,99,150,45,24,6,29,102,243
287,Trevor Ariza,SG-SF,8.00%,-,-,6' 7'',6' 8.25'',8' 11.5'',201,7' 2'',18,arizatr01,SF,34,TOT,53,21,1493,142,324,0.43799999999999994,77,207,0.37200000000000005,65,117,0.556,0.557,62,74,0.838,34,212,246,91,69,15,56,111,423
288,Trey Burke,PG,6.90%,8.25,8.75,5' 11.75'',6' 1.25'',8' 1.5'',187,6' 5.5'',76,burketr01,PG,27,PHI,25,0,329,59,127,0.465,16,38,0.42100000000000004,43,89,0.483,0.528,13,18,0.722,15,20,35,53,7,1,12,21,147
289,Trey Lyles,PF,12.10%,9.25,10.25,6' 9'',6' 10.25'',9' 0'',241.2,7' 1.5'',299,lylestr01,PF,24,SAS,63,53,1271,153,343,0.446,65,168,0.387,88,175,0.503,0.541,33,45,0.733,71,290,361,69,28,28,39,98,404
290,Tristan Thompson,PF,6.20%,8.75,9.25,6' 7.5'',6' 8.75'',9' 0.5'',227.4,7' 1.25'',458,thomptr01,C,28,CLE,57,51,1721,288,562,0.512,9,23,0.391,279,539,0.518,0.52,99,161,0.615,226,351,577,120,33,50,103,124,684
291,Ty Jerome,PG,6.50%,8.25,9.5,6' 4.25'',6' 5.5'',8' 2'',194.4,6' 4'',247,jeromty01,PG,22,PHO,28,0,315,37,106,0.349,13,47,0.27699999999999997,24,59,0.40700000000000003,0.41,11,14,0.7859999999999999,6,35,41,43,14,3,18,28,98
292,Tyler Cook,PF,6.10%,9.5,10.75,6' 7.25'',6' 8.75'',8' 10.5'',245.4,7' 0.5'',109,cookty01,PF,22,CLE,11,0,35,7,10,0.7,0,0,,7,10,0.7,0.7,5,6,0.833,4,6,10,1,1,0,1,4,19
293,Tyler Herro,SG,7.10%,8,8.75,6' 4.5'',6' 6'',8' 4.5'',192.4,6' 3.25'',209,herroty01,SG,20,MIA,47,6,1280,220,532,0.414,99,253,0.391,121,279,0.434,0.507,66,79,0.835,14,173,187,91,30,7,72,59,605
294,Tyson Chandler,SF-PF,6.70%,-,-,6' 11.5'',,9' 2'',224,7' 3'',91,chandty01,C,37,HOU,26,5,219,14,18,0.778,0,0,,14,18,0.778,0.778,6,13,0.462,25,41,66,6,6,8,8,32,34
295,Tyus Jones,PG,6.50%,8.25,8.75,6' 0.5'',6' 2'',8' 1'',184.6,6' 5'',258,jonesty01,PG,23,MEM,65,6,1232,197,429,0.45899999999999996,47,124,0.379,150,305,0.49200000000000005,0.514,43,58,0.741,9,94,103,285,59,6,55,44,484
296,Udonis Haslem,PF,-%,-,-,6' 7.75'',,8' 11'',250,6' 11'',202,hasleud01,PF,39,MIA,3,0,21,1,6,0.16699999999999998,0,2,0.0,1,4,0.25,0.16699999999999998,3,4,0.75,0,8,8,1,0,0,0,3,5
297,Victor Oladipo,SG,6.55%,8.75,9.25,6' 3.25'',6' 4.25'',8' 4.5'',213.2,6' 9.25'',374,oladivi01,SG,27,IND,13,10,337,63,161,0.391,21,69,0.304,42,92,0.457,0.457,32,41,0.78,7,34,41,39,11,3,28,21,179
298,Wayne Ellington,SG,5.50%,-,-,6' 4.25'',6' 5.25'',8' 4'',202.4,6' 6.5'',140,ellinwa01,SG,32,NYK,36,1,558,61,174,0.35100000000000003,50,143,0.35,11,31,0.355,0.494,11,13,0.846,4,61,65,44,13,4,18,41,183
299,Wesley Iwundu,SG-SF,4.00%,8.75,9.5,6' 5.5'',6' 6.75'',8' 9.5'',193.4,7' 1'',237,iwundwe01,SF,25,ORL,45,18,810,77,194,0.397,21,67,0.313,56,127,0.441,0.451,62,76,0.816,23,90,113,46,25,11,18,62,237
300,Will Barton,SG-SF,4.10%,9,9.5,6' 5'',6' 6'',8' 6.5'',174.4,6' 9.75'',28,bartowi01,SF,29,DEN,58,58,1916,332,738,0.45,108,288,0.375,224,450,0.498,0.523,102,133,0.767,76,289,365,212,61,29,88,121,874
301,Willie Cauley-Stein,C,6.30%,9.5,9,6' 11.25'',7' 0.5'',9' 3'',242.4,7' 3'',90,caulewi01,C,26,TOT,54,39,1097,175,302,0.579,0,1,0.0,175,301,0.581,0.579,40,66,0.606,84,231,315,70,49,61,40,121,390
302,Zach Collins,PF-C,8.90%,8.75,9.25,6' 10.25'',7' 0'',9' 3'',232.2,7' 1'',105,colliza01,PF,22,POR,3,3,86,9,19,0.474,3,7,0.429,6,12,0.5,0.5529999999999999,6,6,1.0,4,8,12,6,0,2,6,11,27
303,Zach LaVine,PG,4.70%,8.25,8.75,6' 4.5'',6' 5.75'',8' 4'',180.9,6' 8.25'',280,lavinza01,SG,24,CHI,60,60,2085,539,1199,0.45,184,484,0.38,355,715,0.49700000000000005,0.526,268,334,0.802,41,248,289,254,88,28,206,131,1530
304,Zhaire Smith,SF-SG,6.05%,8.75,8.25,6' 2.75'',6' 4'',8' 4'',198.6,6' 9.75'',445,smithzh01,SG,20,PHI,7,0,32,3,11,0.273,0,3,0.0,3,8,0.375,0.273,2,4,0.5,0,2,2,2,3,0,2,4,8
